Bin , nEvents , Efficiencies
150,8,0.00016
200,10,0.0002
250,8,0.00016
300,8,0.00016
350,6,0.00012
400,2,4e-05
450,2,4e-05
500,2,4e-05
550,2,4e-05
650,2,4e-05
