Bin , nEvents , Efficiencies
50,8,0.00016
100,17,0.00034
150,5,0.0001
200,4,8e-05
250,2,4e-05
300,2,4e-05
350,3,6e-05
400,0,0
500,0,0
600,2,4e-05
