Bin , nEvents , Efficiencies
50,12,0.00024
100,25,0.0005
150,14,0.00028
200,6,0.00012
250,5,0.0001
300,1,2e-05
350,3,6e-05
400,2,4e-05
500,1,2e-05
600,0,0
