Bin , nEvents , Efficiencies
50,5,0.0001
70,0,0
80,3,6e-05
90,5,0.0001
100,8,0.00016
120,4,8e-05
140,11,0.00022
160,5,0.0001
180,0,0
200,9,0.00018
220,4,8e-05
240,7,0.00014
260,2,4e-05
280,4,8e-05
300,3,6e-05
320,2,4e-05
340,7,0.00014
360,9,0.00018
400,17,0.00034
500,13,0.00026
600,14,0.00028
700,14,0.00028
800,97,0.00194
