Bin , nEvents , Efficiencies
150,0,0
200,0,0
250,1,2e-05
300,0,0
350,5,0.0001
400,3,6e-05
450,7,0.00014
500,12,0.00024
550,11,0.00022
650,52,0.00104
