Bin , nEvents , Efficiencies
150,0,0
200,0,0
250,2,4e-05
300,3,6e-05
350,3,6e-05
400,16,0.00032
450,12,0.00024
500,10,0.0002
550,18,0.00036
650,123,0.00246
