Bin , nEvents , Efficiencies
150,0,0
200,2,4e-05
250,2,4e-05
300,6,0.00012
350,11,0.00022
400,14,0.00028
450,16,0.00032
500,40,0.0008
600,50,0.001
700,56,0.00112
800,40,0.0008
900,33,0.00066
1000,34,0.00068
1150,61,0.00122
