Bin , nEvents , Efficiencies
50,18,0.00036
100,25,0.0005
150,13,0.00026
200,10,0.0002
250,2,4e-05
300,2,4e-05
350,1,2e-05
400,2,4e-05
500,0,0
600,1,2e-05
