Bin , nEvents , Efficiencies
50,12,0.00024
70,41,0.00082
80,62,0.00124
90,63,0.00126
100,142,0.00284
120,108,0.00216
140,72,0.00144
160,61,0.00122
180,48,0.00096
200,34,0.00068
220,41,0.00082
240,17,0.00034
260,22,0.00044
280,16,0.00032
300,5,0.0001
320,6,0.00012
340,10,0.0002
360,12,0.00024
400,17,0.00034
500,4,8e-05
600,7,0.00014
700,4,8e-05
800,4,8e-05
