Bin , nEvents , Efficiencies
150,3,0.00012
200,1,4e-05
250,3,0.00012
300,5,0.0002
350,3,0.00012
400,2,8e-05
450,4,0.00016
500,2,8e-05
550,7,0.00028
650,33,0.00132
