Bin , nEvents , Efficiencies
150,28,0.00112
200,59,0.00236
250,62,0.00248
300,78,0.00312
350,71,0.00284
400,66,0.00264
450,76,0.00304
500,109,0.00436
600,96,0.00384
700,78,0.00312
800,58,0.00232
900,55,0.0022
1000,52,0.00208
1150,92,0.00368
