Bin , nEvents , Efficiencies
50,0,0
100,1,4e-05
150,1,4e-05
200,2,8e-05
250,3,0.00012
300,2,8e-05
350,6,0.00024
400,4,0.00016
500,2,8e-05
600,17,0.00068
