Bin , nEvents , Efficiencies
50,2,8e-05
70,5,0.0002
80,9,0.00036
90,8,0.00032
100,15,0.0006
120,18,0.00072
140,19,0.00076
160,18,0.00072
180,15,0.0006
200,14,0.00056
220,16,0.00064
240,22,0.00088
260,13,0.00052
280,15,0.0006
300,15,0.0006
320,28,0.00112
340,15,0.0006
360,23,0.00092
400,72,0.00288
500,66,0.00264
600,60,0.0024
700,35,0.0014
800,129,0.00516
