Bin , nEvents , Efficiencies
150,76,0.00152
200,108,0.00216
250,65,0.0013
300,51,0.00102
350,51,0.00102
400,20,0.0004
450,10,0.0002
500,20,0.0004
600,15,0.0003
700,7,0.00014
800,3,6e-05
900,5,0.0001
1000,2,4e-05
1150,1,2e-05
