Bin , nEvents , Efficiencies
50,21,0.00042
70,47,0.00094
80,63,0.00126
90,70,0.0014
100,141,0.00282
120,105,0.0021
140,74,0.00148
160,57,0.00114
180,41,0.00082
200,44,0.00088
220,30,0.0006
240,26,0.00052
260,14,0.00028
280,16,0.00032
300,15,0.0003
320,9,0.00018
340,2,4e-05
360,13,0.00026
400,21,0.00042
500,9,0.00018
600,7,0.00014
700,2,4e-05
800,3,6e-05
