Bin , nEvents , Efficiencies
150,4,8e-05
200,8,0.00016
250,6,0.00012
300,8,0.00016
350,5,0.0001
400,3,6e-05
450,1,2e-05
500,1,2e-05
550,1,2e-05
650,4,8e-05
