Bin , nEvents , Efficiencies
150,32,0.00128
200,78,0.00312
250,55,0.0022
300,42,0.00168
350,30,0.0012
400,20,0.0008
450,18,0.00072
500,23,0.00092
600,19,0.00076
700,12,0.00048
800,5,0.0002
900,7,0.00028
1000,2,8e-05
1150,5,0.0002
