Bin , nEvents , Efficiencies
150,87,0.00174
200,140,0.0028
250,121,0.00242
300,74,0.00148
350,52,0.00104
400,46,0.00092
450,28,0.00056
500,44,0.00088
600,34,0.00068
700,21,0.00042
800,10,0.0002
900,7,0.00014
1000,7,0.00014
1150,8,0.00016
