Bin , nEvents , Efficiencies
50,2,8e-05
100,3,0.00012
150,3,0.00012
200,2,8e-05
250,0,0
300,5,0.0002
350,2,8e-05
400,1,4e-05
500,0,0
600,1,4e-05
