Bin , nEvents , Efficiencies
50,6,0.00012
100,13,0.00026
150,5,0.0001
200,0,0
250,0,0
300,2,4e-05
350,1,2e-05
400,3,6e-05
500,1,2e-05
600,1,2e-05
