Bin , nEvents , Efficiencies
50,16,0.00032
70,29,0.00058
80,54,0.00108
90,69,0.00138
100,113,0.00226
120,101,0.00202
140,73,0.00146
160,52,0.00104
180,46,0.00092
200,39,0.00078
220,28,0.00056
240,28,0.00056
260,24,0.00048
280,22,0.00044
300,19,0.00038
320,14,0.00028
340,11,0.00022
360,21,0.00042
400,40,0.0008
500,19,0.00038
600,20,0.0004
700,7,0.00014
800,21,0.00042
