Bin , nEvents , Efficiencies
50,8,0.00032
70,15,0.0006
80,31,0.00124
90,34,0.00136
100,67,0.00268
120,59,0.00236
140,31,0.00124
160,29,0.00116
180,31,0.00124
200,16,0.00064
220,23,0.00092
240,13,0.00052
260,9,0.00036
280,9,0.00036
300,5,0.0002
320,7,0.00028
340,3,0.00012
360,13,0.00052
400,20,0.0008
500,11,0.00044
600,13,0.00052
700,2,8e-05
800,7,0.00028
