Bin , nEvents , Efficiencies
50,3,6e-05
70,13,0.00026
80,10,0.0002
90,29,0.00058
100,57,0.00114
120,49,0.00098
140,37,0.00074
160,42,0.00084
180,45,0.0009
200,44,0.00088
220,61,0.00122
240,47,0.00094
260,46,0.00092
280,44,0.00088
300,29,0.00058
320,34,0.00068
340,27,0.00054
360,51,0.00102
400,102,0.00204
500,73,0.00146
600,45,0.0009
700,38,0.00076
800,47,0.00094
