Bin , nEvents , Efficiencies
150,0,0
200,0,0
250,0,0
300,4,8e-05
350,4,8e-05
400,2,4e-05
450,2,4e-05
500,1,2e-05
550,6,0.00012
650,21,0.00042
