Bin , nEvents , Efficiencies
150,0,0
200,1,2e-05
250,14,0.00028
300,17,0.00034
350,27,0.00054
400,34,0.00068
450,24,0.00048
500,59,0.00118
600,53,0.00106
700,60,0.0012
800,39,0.00078
900,32,0.00064
1000,36,0.00072
1150,44,0.00088
