Bin , nEvents , Efficiencies
50,11,0.00022
100,14,0.00028
150,10,0.0002
200,8,0.00016
250,6,0.00012
300,4,8e-05
350,5,0.0001
400,8,0.00016
500,5,0.0001
600,11,0.00022
