Bin , nEvents , Efficiencies
50,47,0.00094
70,25,0.0005
80,16,0.00032
90,28,0.00056
100,49,0.00098
120,37,0.00074
140,34,0.00068
160,41,0.00082
180,41,0.00082
200,28,0.00056
220,33,0.00066
240,37,0.00074
260,41,0.00082
280,37,0.00074
300,32,0.00064
320,31,0.00062
340,22,0.00044
360,47,0.00094
400,101,0.00202
500,100,0.002
600,59,0.00118
700,49,0.00098
800,108,0.00216
