Bin , nEvents , Efficiencies
50,50,0.001
70,18,0.00036
80,29,0.00058
90,24,0.00048
100,44,0.00088
120,37,0.00074
140,36,0.00072
160,41,0.00082
180,35,0.0007
200,24,0.00048
220,34,0.00068
240,31,0.00062
260,30,0.0006
280,28,0.00056
300,31,0.00062
320,18,0.00036
340,28,0.00056
360,44,0.00088
400,136,0.00272
500,74,0.00148
600,70,0.0014
700,49,0.00098
800,93,0.00186
