Bin , nEvents , Efficiencies
150,0,0
200,2,4e-05
250,2,4e-05
300,8,0.00016
350,10,0.0002
400,19,0.00038
450,26,0.00052
500,48,0.00096
600,41,0.00082
700,57,0.00114
800,45,0.0009
900,47,0.00094
1000,57,0.00114
1150,106,0.00212
