Bin , nEvents , Efficiencies
150,0,0
200,0,0
250,3,6e-05
300,7,0.00014
350,9,0.00018
400,16,0.00032
450,14,0.00028
500,38,0.00076
600,44,0.00088
700,48,0.00096
800,36,0.00072
900,36,0.00072
1000,47,0.00094
1150,78,0.00156
