Bin , nEvents , Efficiencies
50,14,0.00028
100,14,0.00028
150,15,0.0003
200,18,0.00036
250,13,0.00026
300,7,0.00014
350,9,0.00018
400,16,0.00032
500,16,0.00032
600,62,0.00124
