Bin , nEvents , Efficiencies
50,3,6e-05
100,7,0.00014
150,6,0.00012
200,5,0.0001
250,5,0.0001
300,4,8e-05
350,5,0.0001
400,9,0.00018
500,9,0.00018
600,27,0.00054
