Bin , nEvents , Efficiencies
50,34,0.00068
70,16,0.00032
80,20,0.0004
90,20,0.0004
100,34,0.00068
120,24,0.00048
140,17,0.00034
160,23,0.00046
180,26,0.00052
200,18,0.00036
220,24,0.00048
240,29,0.00058
260,18,0.00036
280,23,0.00046
300,22,0.00044
320,24,0.00048
340,15,0.0003
360,47,0.00094
400,80,0.0016
500,78,0.00156
600,59,0.00118
700,63,0.00126
800,159,0.00318
