Bin , nEvents , Efficiencies
50,46,0.00092
70,19,0.00038
80,17,0.00034
90,18,0.00036
100,38,0.00076
120,29,0.00058
140,27,0.00054
160,23,0.00046
180,24,0.00048
200,19,0.00038
220,20,0.0004
240,32,0.00064
260,23,0.00046
280,28,0.00056
300,16,0.00032
320,18,0.00036
340,26,0.00052
360,29,0.00058
400,87,0.00174
500,76,0.00152
600,50,0.001
700,60,0.0012
800,168,0.00336
