Mass,LM11L,LM21L,LM31L,LM11R,LM21R,LM31R,LM12L,LM22L,LM32L,LM12R,LM22R,LM32R,LM13L,LM23L,LM33L,LM13R,LM23R,LM33R
1000.0,-0.70335,-0.083822,,-0.479705,-0.0561319,,-0.70335,-0.083822,,-0.479705,-0.0561319,,-0.70242,-0.083927,,-0.48092,-0.0561841,
1500.0,-0.323372,-0.0379553,,-0.221962,-0.0255545,,-0.323372,-0.0379553,,-0.221962,-0.0255545,,-0.323784,-0.0382564,,-0.222089,-0.0254787,
2000.0,-0.185208,-0.0214751,,-0.12719,-0.0144249,,-0.185208,-0.0214751,,-0.127345,-0.0144249,,-0.185216,-0.0215774,,-0.127086,-0.0144383,
2500.0,-0.120097,-0.0138118,,-0.082395,-0.0093509,,-0.120097,-0.0138118,,-0.082395,-0.0093509,,-0.11929,-0.0138617,,-0.082486,-0.0092899,
3000.0,-0.083309,-0.0096592,,-0.05731,-0.0064664,,-0.083309,-0.0096592,,-0.057706,-0.0064664,,-0.083707,-0.0096381,,-0.0574988,-0.0064342,
4000.0,-0.0474145,-0.00543659,,-0.0325887,-0.00364251,,-0.0474145,-0.00543659,,-0.0325887,-0.00364251,,-0.0471113,-0.00544986,,-0.0324962,-0.00364924,
5000.0,-0.0301811,-0.00348417,,-0.0207923,-0.00233309,,-0.0301811,-0.00348417,,-0.0207923,-0.00233309,,-0.0302159,-0.00348598,,-0.0207924,-0.00234592,