Mass,LM11L,LM21L,LM31L,LM11R,LM21R,LM31R,LM12L,LM22L,LM32L,LM12R,LM22R,LM32R,LM13L,LM23L,LM33L,LM13R,LM23R,LM33R
1000,9.75303698743975E-06,1.02233612286617E-05,,1.00889889864162E-05,1.02206412058823E-05,,9.75303698743975E-06,1.02233612286617E-05,,1.00889889864162E-05,1.02206412058823E-05,,9.75303692061758E-06,1.02233612285799E-05,,1.00889889926248E-05,1.02206412058666E-05,
1500,3.35660317168473E-07,2.95078713562462E-07,,3.30394775300639E-07,3.06457781913621E-07,,3.35660317168473E-07,2.95078713562462E-07,,3.30394775300639E-07,3.06457781913621E-07,,3.35660314797505E-07,2.95078713560653E-07,,3.30394780555027E-07,3.06457781913543E-07,
2000,1.81255058070744E-08,1.62211552814154E-08,,1.76751234585783E-08,1.61761532023043E-08,,1.81255058070744E-08,1.62211552814154E-08,,1.76751234585783E-08,1.61761532023043E-08,,1.81255059166321E-08,1.62211552813117E-08,,1.76751244613903E-08,1.61761532023066E-08,
2500,1.65330927485106E-09,1.69623707850496E-09,,1.79775206906129E-09,1.6959891885382E-09,,1.65330927485106E-09,1.69623707850496E-09,,1.79775206906129E-09,1.6959891885382E-09,,1.6533091821537E-09,1.69623707850162E-09,,1.79775204430986E-09,1.69598918853815E-09,
3000,7.3289342251642E-11,8.26353049671282E-11,,8.17850837376796E-11,8.06001094951106E-11,,7.3289342251642E-11,8.26353049671282E-11,,8.17850837376796E-11,8.06001094951106E-11,,7.32893275331339E-11,8.26353049668909E-11,,8.17850805216761E-11,8.06001094951142E-11,
4000,4.70303169186389E-13,5.14948678215722E-13,,4.69019799204939E-13,5.66015591954323E-13,,4.70303169186389E-13,5.14948678215722E-13,,4.69019799204939E-13,5.66015591954323E-13,,4.70301312944978E-13,5.14948678214948E-13,,4.6901861945488E-13,5.66015591954322E-13,
5000,2.0505121894078E-15,2.03811616322562E-15,,1.99535476528179E-15,2.0385158460891E-15,,2.0505121894078E-15,2.03811616322562E-15,,1.99535476528179E-15,2.0385158460891E-15,,2.05050696371407E-15,2.03811616322563E-15,,1.99535121076608E-15,2.0385158460891E-15,