Mass,LM11L,LM21L,LM31L,LM11R,LM21R,LM31R,LM12L,LM22L,LM32L,LM12R,LM22R,LM32R,LM13L,LM23L,LM33L,LM13R,LM23R,LM33R
1000,0.00426516071,0.0042983769673,,0.00427529724,0.0042997745344,,0.00426516071,0.0042983769673,,0.00427529724,0.0042997745344,,0.004265163335,0.0042983769886,,0.00427530003,0.0042997745531,
1500,0.000162532203,0.00016417211039,,0.0001631061446,0.000164105004632,,0.000162532203,0.00016417211039,,0.0001631061446,0.000164105004632,,0.0001625321289,0.000164172110265,,0.0001631060615,0.000164105003955,
2000,8.98126552E-06,9.1004376489E-06,,9.00827049E-06,9.1020307502E-06,,8.98126552E-06,9.1004376489E-06,,9.00827049E-06,9.1020307502E-06,,8.98126517E-06,9.1004377023E-06,,9.00826989E-06,9.1020307796E-06,
2500,5.646901E-07,5.7502118176E-07,,5.67515891E-07,5.75110642752E-07,,5.646901E-07,5.7502118176E-07,,5.67515891E-07,5.75110642752E-07,,5.64689941E-07,5.75021181693E-07,,5.67515709E-07,5.75110642353E-07,
3000,3.83030682E-08,3.9314140169E-08,,3.85144317E-08,3.93235957688E-08,,3.83030682E-08,3.9314140169E-08,,3.85144317E-08,3.93235957688E-08,,3.83030103E-08,3.93141400204E-08,,3.8514371E-08,3.93235956954E-08,
4000,2.170937054E-10,2.247859344E-10,,2.180988854E-10,2.248746944644E-10,,2.170937054E-10,2.247859344E-10,,2.180988854E-10,2.248746944644E-10,,2.170938304E-10,2.247859343904E-10,,2.180990974E-10,2.248746944704E-10,
5000,4.20893761039E-13,4.38027840489E-13,,4.23767632039E-13,4.38087540095982E-13,,4.20893761039E-13,4.38027840489E-13,,4.23767632039E-13,4.38087540095982E-13,,4.20896983039E-13,4.38027840495456E-13,,4.23770856039E-13,4.38087540095456E-13,