Mass,LM11L,LM21L,LM31L,LM11R,LM21R,LM31R,LM12L,LM22L,LM32L,LM12R,LM22R,LM32R,LM13L,LM23L,LM33L,LM13R,LM23R,LM33R
1000,0.00743021689454622,0.000979736575411983,,0.00439823167420726,0.000780918475770679,,0.00743021689454622,0.000979736575411983,,0.00439823167420726,0.000780918475770679,,0.00463889918515158,0.00110849066486823,,0.00306686512745507,0.000573197912504922,
1500,0.00233419580849594,0.000410174040256084,,0.00172105216146984,0.000350539874479352,,0.00233419580849594,0.000410174040256084,,0.00172105216146984,0.000350539874479352,,0.00279406894839766,0.00041305459723867,,0.00189141346199079,0.00034792422134712,
2000,0.00114401919673579,0.000225574855870507,,0.00109644343748321,0.000155402199250847,,0.00114401919673579,0.000225574855870507,,0.00109644343748321,0.000155402199250847,,0.00131797527552682,0.00023579527412567,,0.000825683637720889,0.000167259459499306,
2500,0.000999289388065339,0.000151768726175718,,0.000555526084806105,8.86567784830917E-05,,0.000999289388065339,0.000151768726175718,,0.000555526084806105,8.86567784830917E-05,,0.00111498968739626,0.000187197266924493,,0.000664512350148588,9.16912074410628E-05,
3000,0.000575603388714834,0.000115115339264583,,0.00050833393207615,7.19328127074147E-05,,0.000575603388714834,0.000115115339264583,,0.00050833393207615,7.19328127074147E-05,,0.000572504541554039,0.000107378519653607,,0.000388615735914026,8.8771007277151E-05,
4000,0.000340709469783274,5.08892693797032E-05,,0.000203628900247485,4.73340563548065E-05,,0.000340709469783274,5.08892693797032E-05,,0.000203628900247485,4.73340563548065E-05,,0.000319812158149124,6.82938835694676E-05,,0.000281483496141426,4.51249984598338E-05,
5000,0.000188091207558993,3.50895498688712E-05,,0.000123546404140307,2.46185738417155E-05,,0.000188091207558993,3.50895498688712E-05,,0.000123546404140307,2.46185738417155E-05,,0.000175673192459749,4.3709491852457E-05,,0.000128928665866052,3.19646447344562E-05,