Mass,LM11L_LM21L,LM11L_LM31L,LM11L_LM11R,LM11L_LM21R,LM11L_LM31R,LM21L_LM31L,LM21L_LM11R,LM21L_LM21R,LM21L_LM31R,LM31L_LM11R,LM31L_LM21R,LM31L_LM31R,LM11R_LM21R,LM11R_LM31R,LM21R_LM31R,LM12L_LM22L,LM12L_LM32L,LM12L_LM12R,LM12L_LM22R,LM12L_LM32R,LM22L_LM32L,LM22L_LM12R,LM22L_LM22R,LM22L_LM32R,LM32L_LM12R,LM32L_LM22R,LM32L_LM32R,LM12R_LM22R,LM12R_LM32R,LM22R_LM32R,LM13L_LM23L,LM13L_LM33L,LM13L_LM13R,LM13L_LM23R,LM13L_LM33R,LM23L_LM33L,LM23L_LM13R,LM23L_LM23R,LM23L_LM33R,LM33L_LM13R,LM33L_LM23R,LM33L_LM33R,LM13R_LM23R,LM13R_LM33R,LM23R_LM33R
1000,1.32618,,2.17651,1.3352,,,1.20185,0.349155,,,,,1.19008,,,1.32618,,2.17651,1.3352,,,1.20185,0.349155,,,,,1.19008,,,1.3288,,2.1816,1.32204,,,1.19692,0.34996,,,,,1.18575,,
1500,0.60864,,0.98512,0.60322,,,0.54167,0.157093,,,,,0.53859,,,0.60864,,0.98512,0.60322,,,0.54167,0.157093,,,,,0.53859,,,0.607,,0.9883,0.60281,,,0.54101,0.156268,,,,,0.53799,,
2000,0.346949,,0.56294,0.343111,,,0.307551,0.088391,,,,,0.304857,,,0.346949,,0.56294,0.343111,,,0.307551,0.088391,,,,,0.304857,,,0.344229,,0.56115,0.341857,,,0.30821,0.088584,,,,,0.303347,,
2500,0.222102,,0.362252,0.22127,,,0.197598,0.057112,,,,,0.196137,,,0.222102,,0.362252,0.22127,,,0.197598,0.057112,,,,,0.196137,,,0.222542,,0.359939,0.22085,,,0.198048,0.056923,,,,,0.195424,,
3000,0.156263,,0.255236,0.156038,,,0.138154,0.03988,,,,,0.136933,,,0.156263,,0.255236,0.156038,,,0.138154,0.03988,,,,,0.136933,,,0.155071,,0.252452,0.153752,,,0.137601,0.039574,,,,,0.136823,,
,0.087072,,0.141621,0.086593,,,0.078193,0.0222892,,,,,0.077203,,,0.087072,,0.141621,0.086593,,,0.078193,0.0222892,,,,,0.077203,,,0.087319,,0.141881,0.086895,,,0.077732,0.0222759,,,,,0.076817,,
,0.056493,,0.09143,0.055894,,,0.050066,0.0142628,,,,,0.049396,,,0.056493,,0.09143,0.055894,,,0.050066,0.0142628,,,,,0.049396,,,0.055669,,0.091498,0.055143,,,0.050011,0.0142238,,,,,0.049379,,