Mass,LM11L,LM21L,LM31L,LM11R,LM21R,LM31R,LM12L,LM22L,LM32L,LM12R,LM22R,LM32R,LM13L,LM23L,LM33L,LM13R,LM23R,LM33R
1000,0.13717,0.010055,,0.13717,0.010055,,0.13717,0.010055,,0.13717,0.010055,,0.13743,0.010055,,0.13743,0.010055,
1500,0.035603,0.0022915,,0.035603,0.0022915,,0.035603,0.0022915,,0.035603,0.0022915,,0.035736,0.0023177,,0.035736,0.0023177,
2000,0.013371,0.0007841,,0.013371,0.0007841,,0.013371,0.0007841,,0.013371,0.0007841,,0.013269,0.00077937,,0.013269,0.00077937,
2500,0.006044,0.00033261,,0.006044,0.00033261,,0.006044,0.00033261,,0.006044,0.00033261,,0.0059368,0.0003358,,0.0059368,0.0003358,
3000,0.0031094,0.0001672,,0.0031094,0.0001672,,0.0031094,0.0001672,,0.0031094,0.0001672,,0.0030972,0.00016576,,0.0030972,0.00016576,
4000,0.0010271,5.4155E-05,,0.0010271,5.4155E-05,,0.0010271,5.4155E-05,,0.0010271,5.4155E-05,,0.0010589,5.4697E-05,,0.0010589,5.4697E-05,
5000,0.00045588,2.2634E-05,,0.00045588,2.2634E-05,,0.00045588,2.2634E-05,,0.00045588,2.2634E-05,,0.00044923,2.1988E-05,,0.00044923,2.1988E-05,