Mass,LM11L_LM21L,LM11L_LM31L,LM11L_LM11R,LM11L_LM21R,LM11L_LM31R,LM21L_LM31L,LM21L_LM11R,LM21L_LM21R,LM21L_LM31R,LM31L_LM11R,LM31L_LM21R,LM31L_LM31R,LM11R_LM21R,LM11R_LM31R,LM21R_LM31R,LM12L_LM22L,LM12L_LM32L,LM12L_LM12R,LM12L_LM22R,LM12L_LM32R,LM22L_LM32L,LM22L_LM12R,LM22L_LM22R,LM22L_LM32R,LM32L_LM12R,LM32L_LM22R,LM32L_LM32R,LM12R_LM22R,LM12R_LM32R,LM22R_LM32R,LM13L_LM23L,LM13L_LM33L,LM13L_LM13R,LM13L_LM23R,LM13L_LM33R,LM23L_LM33L,LM23L_LM13R,LM23L_LM23R,LM23L_LM33R,LM33L_LM13R,LM33L_LM23R,LM33L_LM33R,LM13R_LM23R,LM13R_LM33R,LM23R_LM33R
1000,0.24251,,0.54886,0.24251,,,0.24251,0.04027,,,,,0.24251,,,0.24251,,0.54886,0.24251,,,0.24251,0.04027,,,,,0.24251,,,0.24172,,0.54972,0.24172,,,0.24172,0.04022,,,,,0.24172,,
1500,0.062011,,0.14267,0.062011,,,0.062011,0.0091541,,,,,0.062011,,,0.062011,,0.14267,0.062011,,,0.062011,0.0091541,,,,,0.062011,,,0.063029,,0.14294,0.063029,,,0.063029,0.0092708,,,,,0.063029,,
2000,0.023277,,0.053511,0.023277,,,0.023277,0.0030902,,,,,0.023277,,,0.023277,,0.053511,0.023277,,,0.023277,0.0030902,,,,,0.023277,,,0.023253,,0.053077,0.023253,,,0.023253,0.0031175,,,,,0.023253,,
2500,0.010419,,0.023717,0.010419,,,0.010419,0.00133,,,,,0.010419,,,0.010419,,0.023717,0.010419,,,0.010419,0.00133,,,,,0.010419,,,0.010396,,0.023747,0.010396,,,0.010396,0.0013432,,,,,0.010396,,
3000,0.005279,,0.012442,0.005279,,,0.005279,0.00065954,,,,,0.005279,,,0.005279,,0.012442,0.005279,,,0.005279,0.00065954,,,,,0.005279,,,0.005223,,0.012389,0.005223,,,0.005223,0.00066304,,,,,0.005223,,
,0.0017458,,0.0041081,0.0017458,,,0.0017458,0.00021668,,,,,0.0017458,,,0.0017458,,0.0041081,0.0017458,,,0.0017458,0.00021668,,,,,0.0017458,,,0.0017747,,0.0042354,0.0017747,,,0.0017747,0.00021879,,,,,0.0017747,,
,0.0007782,,0.0018205,0.0007782,,,0.0007782,9.0462E-05,,,,,0.0007782,,,0.0007782,,0.0018205,0.0007782,,,0.0007782,9.0462E-05,,,,,0.0007782,,,0.00076555,,0.0017969,0.00076555,,,0.00076555,8.7953E-05,,,,,0.00076555,,