Bin , nEvents , Efficiencies
150,0,0
200,0,0
250,2,8e-05
300,1,4e-05
350,1,4e-05
400,0,0
450,1,4e-05
500,5,0.0002
600,5,0.0002
700,10,0.0004
800,10,0.0004
900,7,0.00028
1000,20,0.0008
1150,29,0.00116
