Bin , nEvents , Efficiencies
150,0,0
200,0,0
250,0,0
300,2,4e-05
350,1,2e-05
400,4,8e-05
450,0,0
500,11,0.00022
600,16,0.00032
700,20,0.0004
800,15,0.0003
900,17,0.00034
1000,26,0.00052
1150,73,0.00146
