Bin , nEvents , Efficiencies
50,4,8e-05
100,5,0.0001
150,7,0.00014
200,5,0.0001
250,4,8e-05
300,1,2e-05
350,3,6e-05
400,5,0.0001
500,5,0.0001
600,36,0.00072
