Bin , nEvents , Efficiencies
50,5,0.0002
100,5,0.0002
150,5,0.0002
200,5,0.0002
250,3,0.00012
300,3,0.00012
350,5,0.0002
400,3,0.00012
500,7,0.00028
600,27,0.00108
