Bin , nEvents , Efficiencies
50,36,0.00072
70,9,0.00018
80,12,0.00024
90,4,8e-05
100,14,0.00028
120,21,0.00042
140,16,0.00032
160,11,0.00022
180,14,0.00028
200,14,0.00028
220,9,0.00018
240,15,0.0003
260,12,0.00024
280,11,0.00022
300,14,0.00028
320,9,0.00018
340,9,0.00018
360,23,0.00046
400,59,0.00118
500,46,0.00092
600,41,0.00082
700,44,0.00088
800,173,0.00346
