Bin , nEvents , Efficiencies
50,13,0.00052
70,6,0.00024
80,6,0.00024
90,3,0.00012
100,11,0.00044
120,17,0.00068
140,8,0.00032
160,12,0.00048
180,10,0.0004
200,9,0.00036
220,4,0.00016
240,10,0.0004
260,5,0.0002
280,5,0.0002
300,9,0.00036
320,6,0.00024
340,7,0.00028
360,12,0.00048
400,32,0.00128
500,20,0.0008
600,19,0.00076
700,20,0.0008
800,89,0.00356
