Bin , nEvents , Efficiencies
150,1,4e-05
200,3,0.00012
250,3,0.00012
300,3,0.00012
350,4,0.00016
400,4,0.00016
450,2,8e-05
500,0,0
550,1,4e-05
650,6,0.00024
