Bin , nEvents , Efficiencies
150,50,0.002
200,71,0.00284
250,51,0.00204
300,42,0.00168
350,33,0.00132
400,24,0.00096
450,21,0.00084
500,23,0.00092
600,17,0.00068
700,10,0.0004
800,6,0.00024
900,9,0.00036
1000,4,0.00016
1150,3,0.00012
