Bin , nEvents , Efficiencies
50,11,0.00044
70,17,0.00068
80,24,0.00096
90,29,0.00116
100,59,0.00236
120,60,0.0024
140,31,0.00124
160,34,0.00136
180,23,0.00092
200,18,0.00072
220,15,0.0006
240,15,0.0006
260,10,0.0004
280,7,0.00028
300,10,0.0004
320,11,0.00044
340,7,0.00028
360,11,0.00044
400,22,0.00088
500,15,0.0006
600,7,0.00028
700,3,0.00012
800,6,0.00024
