Bin , nEvents , Efficiencies
150,0,0
200,4,8e-05
250,0,0
300,5,0.0001
350,2,4e-05
400,1,2e-05
450,1,2e-05
500,4,8e-05
550,6,0.00012
650,27,0.00054
