Bin , nEvents , Efficiencies
150,28,0.00056
200,101,0.00202
250,124,0.00248
300,121,0.00242
350,122,0.00244
400,116,0.00232
450,130,0.0026
500,208,0.00416
600,202,0.00404
700,147,0.00294
800,136,0.00272
900,102,0.00204
1000,138,0.00276
1150,188,0.00376
