Bin , nEvents , Efficiencies
150,0,0
200,0,0
250,1,2e-05
300,0,0
350,2,4e-05
400,2,4e-05
450,4,8e-05
500,6,0.00012
550,7,0.00014
650,39,0.00078
