Bin , nEvents , Efficiencies
50,21,0.00042
100,18,0.00036
150,15,0.0003
200,16,0.00032
250,11,0.00022
300,15,0.0003
350,10,0.0002
400,25,0.0005
500,19,0.00038
600,59,0.00118
