Bin , nEvents , Efficiencies
50,46,0.00092
70,19,0.00038
80,17,0.00034
90,17,0.00034
100,25,0.0005
120,25,0.0005
140,21,0.00042
160,20,0.0004
180,23,0.00046
200,26,0.00052
220,23,0.00046
240,17,0.00034
260,18,0.00036
280,16,0.00032
300,17,0.00034
320,15,0.0003
340,12,0.00024
360,29,0.00058
400,87,0.00174
500,67,0.00134
600,62,0.00124
700,43,0.00086
800,149,0.00298
