Bin , nEvents , Efficiencies
150,2,8e-05
200,4,0.00016
250,4,0.00016
300,8,0.00032
350,4,0.00016
400,3,0.00012
450,4,0.00016
500,5,0.0002
550,12,0.00048
650,43,0.00172
