Bin , nEvents , Efficiencies
150,0,0
200,0,0
250,0,0
300,1,2e-05
350,2,4e-05
400,5,0.0001
450,11,0.00022
500,27,0.00054
600,44,0.00088
700,36,0.00072
800,32,0.00064
900,38,0.00076
1000,42,0.00084
1150,100,0.002
