Bin , nEvents , Efficiencies
150,0,0
200,0,0
250,1,2e-05
300,1,2e-05
350,5,0.0001
400,13,0.00026
450,12,0.00024
500,40,0.0008
600,53,0.00106
700,34,0.00068
800,48,0.00096
900,50,0.001
1000,73,0.00146
1150,109,0.00218
