Bin , nEvents , Efficiencies
50,6,0.00012
100,5,0.0001
150,1,2e-05
200,4,8e-05
250,5,0.0001
300,3,6e-05
350,5,0.0001
400,2,4e-05
500,7,0.00014
600,43,0.00086
