Bin , nEvents , Efficiencies
50,18,0.00036
70,13,0.00026
80,13,0.00026
90,10,0.0002
100,18,0.00036
120,30,0.0006
140,17,0.00034
160,13,0.00026
180,23,0.00046
200,17,0.00034
220,18,0.00036
240,19,0.00038
260,11,0.00022
280,11,0.00022
300,11,0.00022
320,16,0.00032
340,20,0.0004
360,26,0.00052
400,93,0.00186
500,59,0.00118
600,56,0.00112
700,52,0.00104
800,188,0.00376
