Bin , nEvents , Efficiencies
150,78,0.00156
200,134,0.00268
250,111,0.00222
300,76,0.00152
350,55,0.0011
400,61,0.00122
450,36,0.00072
500,40,0.0008
600,22,0.00044
700,19,0.00038
800,12,0.00024
900,7,0.00014
1000,6,0.00012
1150,6,0.00012
