Bin , nEvents , Efficiencies
50,7,0.00014
100,8,0.00016
150,5,0.0001
200,3,6e-05
250,1,2e-05
300,1,2e-05
350,1,2e-05
400,5,0.0001
500,3,6e-05
600,46,0.00092
