Bin , nEvents , Efficiencies
50,11,0.00022
70,6,0.00012
80,4,8e-05
90,3,6e-05
100,4,8e-05
120,5,0.0001
140,5,0.0001
160,7,0.00014
180,8,0.00016
200,6,0.00012
220,8,0.00016
240,6,0.00012
260,6,0.00012
280,5,0.0001
300,9,0.00018
320,7,0.00014
340,3,6e-05
360,15,0.0003
400,37,0.00074
500,27,0.00054
600,33,0.00066
700,30,0.0006
800,144,0.00288
