Bin , nEvents , Efficiencies
150,0,0
200,1,2e-05
250,4,8e-05
300,5,0.0001
350,9,0.00018
400,17,0.00034
450,21,0.00042
500,40,0.0008
600,40,0.0008
700,40,0.0008
800,31,0.00062
900,33,0.00066
1000,37,0.00074
1150,55,0.0011
