Bin , nEvents , Efficiencies
150,1,2e-05
200,6,0.00012
250,2,4e-05
300,7,0.00014
350,1,2e-05
400,0,0
450,0,0
500,1,2e-05
550,2,4e-05
650,0,0
