Bin , nEvents , Efficiencies
150,87,0.00174
200,140,0.0028
250,107,0.00214
300,81,0.00162
350,60,0.0012
400,37,0.00074
450,35,0.0007
500,47,0.00094
600,25,0.0005
700,22,0.00044
800,8,0.00016
900,8,0.00016
1000,3,6e-05
1150,12,0.00024
