Bin , nEvents , Efficiencies
150,75,0.0015
200,169,0.00338
250,105,0.0021
300,91,0.00182
350,56,0.00112
400,38,0.00076
450,25,0.0005
500,40,0.0008
600,34,0.00068
700,16,0.00032
800,11,0.00022
900,6,0.00012
1000,7,0.00014
1150,10,0.0002
