Bin , nEvents , Efficiencies
50,7,0.00014
100,5,0.0001
150,8,0.00016
200,8,0.00016
250,3,6e-05
300,4,8e-05
350,2,4e-05
400,2,4e-05
500,0,0
600,1,2e-05
