Bin , nEvents , Efficiencies
50,11,0.00022
70,35,0.0007
80,44,0.00088
90,66,0.00132
100,134,0.00268
120,118,0.00236
140,90,0.0018
160,65,0.0013
180,52,0.00104
200,37,0.00074
220,19,0.00038
240,36,0.00072
260,34,0.00068
280,17,0.00034
300,23,0.00046
320,14,0.00028
340,18,0.00036
360,27,0.00054
400,37,0.00074
500,16,0.00032
600,7,0.00014
700,8,0.00016
800,16,0.00032
