Bin , nEvents , Efficiencies
50,11,0.00022
70,41,0.00082
80,51,0.00102
90,64,0.00128
100,123,0.00246
120,92,0.00184
140,75,0.0015
160,57,0.00114
180,50,0.001
200,39,0.00078
220,30,0.0006
240,23,0.00046
260,19,0.00038
280,22,0.00044
300,14,0.00028
320,22,0.00044
340,13,0.00026
360,24,0.00048
400,40,0.0008
500,21,0.00042
600,13,0.00026
700,11,0.00022
800,10,0.0002
