Bin , nEvents , Efficiencies
50,3,0.00012
100,6,0.00024
150,5,0.0002
200,0,0
250,2,8e-05
300,2,8e-05
350,3,0.00012
400,2,8e-05
500,1,4e-05
600,29,0.00116
