Bin , nEvents , Efficiencies
50,6,0.00024
70,1,4e-05
80,2,8e-05
90,1,4e-05
100,4,0.00016
120,3,0.00012
140,5,0.0002
160,4,0.00016
180,5,0.0002
200,4,0.00016
220,4,0.00016
240,3,0.00012
260,2,8e-05
280,1,4e-05
300,1,4e-05
320,1,4e-05
340,4,0.00016
360,5,0.0002
400,8,0.00032
500,9,0.00036
600,7,0.00028
700,11,0.00044
800,56,0.00224
