Bin , nEvents , Efficiencies
150,77,0.00154
200,142,0.00284
250,91,0.00182
300,78,0.00156
350,63,0.00126
400,52,0.00104
450,38,0.00076
500,37,0.00074
600,36,0.00072
700,19,0.00038
800,8,0.00016
900,7,0.00014
1000,6,0.00012
1150,3,6e-05
