Bin , nEvents , Efficiencies
50,5,0.0001
70,8,0.00016
80,4,8e-05
90,3,6e-05
100,8,0.00016
120,8,0.00016
140,8,0.00016
160,4,8e-05
180,8,0.00016
200,5,0.0001
220,3,6e-05
240,2,4e-05
260,3,6e-05
280,3,6e-05
300,8,0.00016
320,2,4e-05
340,4,8e-05
360,10,0.0002
400,17,0.00034
500,22,0.00044
600,14,0.00028
700,21,0.00042
800,96,0.00192
