Bin , nEvents , Efficiencies
50,10,0.0002
70,26,0.00052
80,43,0.00086
90,79,0.00158
100,141,0.00282
120,100,0.002
140,65,0.0013
160,57,0.00114
180,46,0.00092
200,33,0.00066
220,38,0.00076
240,26,0.00052
260,25,0.0005
280,19,0.00038
300,24,0.00048
320,14,0.00028
340,15,0.0500
360,17,0.00600
400,38,0.00700,21,0.00042
800,96,0.00192
028
700,9,0.00018
800,14,0.00028
