Bin , nEvents , Efficiencies
150,0,0
200,1,2e-05
250,0,0
300,1,2e-05
350,3,6e-05
400,5,0.0001
450,12,0.00024
500,21,0.00042
600,29,0.00058
700,26,0.00052
800,41,0.00082
900,40,0.0008
1000,55,0.0011
1150,124,0.00248
