Bin , nEvents , Efficiencies
150,0,0
200,1,2e-05
250,1,2e-05
300,1,2e-05
350,4,8e-05
400,6,0.00012
450,8,0.00016
500,30,0.0006
600,41,0.00082
700,34,0.00068
800,48,0.00096
900,39,0.00078
1000,55,0.0011
1150,152,0.00304
