Bin , nEvents , Efficiencies
50,15,0.0003
100,12,0.00024
150,9,0.00018
200,9,0.00018
250,7,0.00014
300,10,0.0002
350,4,8e-05
400,15,0.0003
500,16,0.00032
600,55,0.0011
