Bin , nEvents , Efficiencies
50,7,0.00014
100,2,4e-05
150,3,6e-05
200,1,2e-05
250,3,6e-05
300,2,4e-05
350,1,2e-05
400,3,6e-05
500,4,8e-05
600,22,0.00044
