Bin , nEvents , Efficiencies
50,34,0.00068
70,7,0.00014
80,9,0.00018
90,14,0.00028
100,23,0.00046
120,14,0.00028
140,20,0.0004
160,18,0.00036
180,13,0.00026
200,14,0.00028
220,22,0.00044
240,12,0.00024
260,11,0.00022
280,16,0.00032
300,18,0.00036
320,7,0.00014
340,10,0.0002
360,18,0.00036
400,60,0.0012
500,54,0.00108
600,45,0.0009
700,38,0.00076
800,219,0.00438
