Bin , nEvents , Efficiencies
50,29,0.00058
70,10,0.0002
80,8,0.00016
90,10,0.0002
100,16,0.00032
120,23,0.00046
140,18,0.00036
160,13,0.00026
180,15,0.0003
200,14,0.00028
220,15,0.0003
240,17,0.00034
260,10,0.0002
280,10,0.0002
300,10,0.0002
320,14,0.00028
340,13,0.00026
360,19,0.00038
400,48,0.00096
500,57,0.00114
600,55,0.0011
700,48,0.00096
800,203,0.00406
