Bin , nEvents , Efficiencies
150,4,8e-05
200,5,0.0001
250,11,0.00022
300,7,0.00014
350,13,0.00026
400,11,0.00022
450,3,6e-05
500,6,0.00012
550,15,0.0003
650,48,0.00096
