Bin , nEvents , Efficiencies
150,0,0
200,1,2e-05
250,2,4e-05
300,4,8e-05
350,6,0.00012
400,3,6e-05
450,4,8e-05
500,0,0
550,4,8e-05
650,23,0.00046
