Bin , nEvents , Efficiencies
150,56,0.00112
200,142,0.00284
250,156,0.00312
300,164,0.00328
350,169,0.00338
400,137,0.00274
450,129,0.00258
500,229,0.00458
600,184,0.00368
700,139,0.00278
800,104,0.00208
900,85,0.0017
1000,95,0.0019
1150,107,0.00214
