Bin , nEvents , Efficiencies
150,47,0.00094
200,133,0.00266
250,150,0.003
300,162,0.00324
350,150,0.003
400,143,0.00286
450,135,0.0027
500,232,0.00464
600,174,0.00348
700,134,0.00268
800,93,0.00186
900,79,0.00158
1000,85,0.0017
1150,92,0.00184
