Bin , nEvents , Efficiencies
50,2,4e-05
100,4,8e-05
150,4,8e-05
200,5,0.0001
250,1,2e-05
300,6,0.00012
350,3,6e-05
400,10,0.0002
500,8,0.00016
600,20,0.0004
