Bin , nEvents , Efficiencies
50,9,0.00018
70,6,0.00012
80,12,0.00024
90,8,0.00016
100,35,0.0007
120,39,0.00078
140,44,0.00088
160,45,0.0009
180,35,0.0007
200,34,0.00068
220,40,0.0008
240,36,0.00072
260,37,0.00074
280,38,0.00076
300,41,0.00082
320,34,0.00068
340,35,0.0007
360,56,0.00112
400,143,0.00286
500,91,0.00182
600,81,0.00162
700,50,0.001
800,155,0.0031
