Bin , nEvents , Efficiencies
150,75,0.0015
200,152,0.00304
250,86,0.00172
300,82,0.00164
350,80,0.0016
400,63,0.00126
450,32,0.00064
500,46,0.00092
600,23,0.00046
700,19,0.00038
800,19,0.00038
900,12,0.00024
1000,5,0.0001
1150,10,0.0002
