Bin , nEvents , Efficiencies
150,86,0.00172
200,154,0.00308
250,103,0.00206
300,85,0.0017
350,71,0.00142
400,49,0.00098
450,53,0.00106
500,59,0.00118
600,32,0.00064
700,16,0.00032
800,15,0.0003
900,7,0.00014
1000,5,0.0001
1150,12,0.00024
