Bin , nEvents , Efficiencies
50,17,0.00034
70,26,0.00052
80,51,0.00102
90,58,0.00116
100,119,0.00238
120,77,0.00154
140,71,0.00142
160,66,0.00132
180,50,0.001
200,29,0.00058
220,33,0.00066
240,21,0.00042
260,31,0.00062
280,23,0.00046
300,22,0.00044
320,15,0.0003
340,7,0.00014
360,38,0.00076
400,38,0.00076
500,27,0.00054
600,16,0.00032
700,5,0.0001
800,17,0.00034
