Bin , nEvents , Efficiencies
150,6,0.00012
200,9,0.00018
250,10,0.0002
300,2,4e-05
350,3,6e-05
400,2,4e-05
450,3,6e-05
500,2,4e-05
550,2,4e-05
650,6,0.00012
