Bin , nEvents , Efficiencies
150,0,0
200,3,0.00012
250,5,0.0002
300,2,8e-05
350,0,0
400,6,0.00024
450,1,4e-05
500,3,0.00012
550,1,4e-05
650,2,8e-05
