Bin , nEvents , Efficiencies
150,69,0.00138
200,166,0.00332
250,114,0.00228
300,77,0.00154
350,54,0.00108
400,47,0.00094
450,30,0.0006
500,48,0.00096
600,35,0.0007
700,20,0.0004
800,10,0.0002
900,12,0.00024
1000,2,4e-05
1150,6,0.00012
