Bin , nEvents , Efficiencies
150,92,0.00184
200,166,0.00332
250,120,0.0024
300,71,0.00142
350,67,0.00134
400,50,0.001
450,36,0.00072
500,57,0.00114
600,34,0.00068
700,22,0.00044
800,4,8e-05
900,5,0.0001
1000,9,0.00018
1150,3,6e-05
