Bin , nEvents , Efficiencies
150,41,0.00164
200,82,0.00328
250,49,0.00196
300,31,0.00124
350,30,0.0012
400,23,0.00092
450,14,0.00056
500,20,0.0008
600,18,0.00072
700,13,0.00052
800,2,8e-05
900,3,0.00012
1000,5,0.0002
1150,11,0.00044
