Bin , nEvents , Efficiencies
50,6,0.00012
100,13,0.00026
150,6,0.00012
200,1,2e-05
250,1,2e-05
300,1,2e-05
350,2,4e-05
400,2,4e-05
500,1,2e-05
600,5,0.0001
