Bin , nEvents , Efficiencies
50,4,0.00016
100,7,0.00028
150,4,0.00016
200,1,4e-05
250,0,0
300,0,0
350,0,0
400,0,0
500,1,4e-05
600,0,0
