Bin , nEvents , Efficiencies
50,6,0.00024
70,22,0.00088
80,30,0.0012
90,35,0.0014
100,70,0.0028
120,55,0.0022
140,38,0.00152
160,29,0.00116
180,27,0.00108
200,20,0.0008
220,14,0.00056
240,19,0.00076
260,14,0.00056
280,14,0.00056
300,9,0.00036
320,11,0.00044
340,7,0.00028
360,12,0.00048
400,29,0.00116
500,7,0.00028
600,7,0.00028
700,4,0.00016
800,13,0.00052
