Bin , nEvents , Efficiencies
50,162,0.000373348
70,321,0.000739783
80,544,0.00125371
90,677,0.00156023
100,1209,0.00278629
120,880,0.00202807
140,697,0.00160632
160,516,0.00118918
180,395,0.000910325
200,318,0.000732869
220,283,0.000652207
240,264,0.00060842
260,216,0.000497798
280,202,0.000465533
300,163,0.000375653
320,140,0.000322647
340,154,0.000354911
360,199,0.000458619
400,392,0.000903411
500,191,0.000440182
600,117,0.000269641
700,87,0.000200502
800,161,0.000371044
