Bin , nEvents , Efficiencies
50,7,0.00014
70,33,0.00066
80,63,0.00126
90,60,0.0012
100,121,0.00242
120,84,0.00168
140,91,0.00182
160,74,0.00148
180,51,0.00102
200,39,0.00078
220,28,0.00056
240,26,0.00052
260,29,0.00058
280,22,0.00044
300,19,0.00038
320,15,0.0003
340,20,0.0004
360,24,0.00048
400,33,0.00066
500,22,0.00044
600,12,0.00024
700,15,0.0003
800,15,0.0003
