Bin , nEvents , Efficiencies
150,0,0
200,0,0
250,0,0
300,1,2e-05
350,0,0
400,6,0.00012
450,3,6e-05
500,11,0.00022
600,15,0.0003
700,14,0.00028
800,25,0.0005
900,28,0.00056
1000,35,0.0007
1150,106,0.00212
