Bin , nEvents , Efficiencies
150,0,0
200,0,0
250,1,2e-05
300,0,0
350,1,2e-05
400,3,6e-05
450,3,6e-05
500,8,0.00016
600,10,0.0002
700,17,0.00034
800,11,0.00022
900,22,0.00044
1000,37,0.00074
1150,108,0.00216
