Bin , nEvents , Efficiencies
50,11,0.00022
100,10,0.0002
150,9,0.00018
200,5,0.0001
250,8,0.00016
300,4,8e-05
350,6,0.00012
400,11,0.00022
500,13,0.00026
600,81,0.00162
