Bin , nEvents , Efficiencies
50,17,0.00034
70,5,0.0001
80,6,0.00012
90,3,6e-05
100,15,0.0003
120,4,8e-05
140,10,0.0002
160,13,0.00026
180,7,0.00014
200,7,0.00014
220,12,0.00024
240,10,0.0002
260,12,0.00024
280,7,0.00014
300,7,0.00014
320,6,0.00012
340,7,0.00014
360,15,0.0003
400,42,0.00084
500,29,0.00058
600,36,0.00072
700,26,0.00052
800,192,0.00384
