Bin , nEvents , Efficiencies
50,15,0.0003
70,11,0.00022
80,4,8e-05
90,9,0.00018
100,10,0.0002
120,9,0.00018
140,14,0.00028
160,12,0.00024
180,10,0.0002
200,10,0.0002
220,11,0.00022
240,11,0.00022
260,12,0.00024
280,10,0.0002
300,16,0.00032
320,5,0.0001
340,8,0.00016
360,15,0.0003
400,42,0.00084
500,35,0.0007
600,35,0.0007
700,39,0.00078
800,184,0.00368
