Bin , nEvents , Efficiencies
50,4,0.00016
100,6,0.00024
150,0,0
200,1,4e-05
250,1,4e-05
300,0,0
350,1,4e-05
400,1,4e-05
500,0,0
600,1,4e-05
