Bin , nEvents , Efficiencies
50,7,0.00014
70,4,8e-05
80,2,4e-05
90,3,6e-05
100,9,0.00018
120,4,8e-05
140,10,0.0002
160,6,0.00012
180,5,0.0001
200,7,0.00014
220,5,0.0001
240,9,0.00018
260,5,0.0001
280,2,4e-05
300,8,0.00016
320,6,0.00012
340,5,0.0001
360,9,0.00018
400,19,0.00038
500,37,0.00074
600,12,0.00024
700,27,0.00054
800,160,0.0032
