Bin , nEvents , Efficiencies
150,0,0
200,0,0
250,1,2e-05
300,2,4e-05
350,1,2e-05
400,3,6e-05
450,2,4e-05
500,4,8e-05
550,7,0.00014
650,34,0.00068
