Bin , nEvents , Efficiencies
150,0,0
200,0,0
250,0,0
300,3,6e-05
350,5,0.0001
400,2,4e-05
450,8,0.00016
500,7,0.00014
550,25,0.0005
650,99,0.00198
