Bin , nEvents , Efficiencies
150,0,0
200,1,2e-05
250,1,2e-05
300,1,2e-05
350,1,2e-05
400,0,0
450,0,0
500,2,4e-05
550,6,0.00012
650,27,0.00054
