Bin , nEvents , Efficiencies
150,0,0
200,1,2e-05
250,7,0.00014
300,9,0.00018
350,20,0.0004
400,26,0.00052
450,22,0.00044
500,77,0.00154
600,53,0.00106
700,49,0.00098
800,50,0.001
900,49,0.00098
1000,68,0.00136
1150,98,0.00196
