Bin , nEvents , Efficiencies
150,0,0
200,3,6e-05
250,2,4e-05
300,8,0.00016
350,14,0.00028
400,29,0.00058
450,19,0.00038
500,58,0.00116
600,44,0.00088
700,49,0.00098
800,53,0.00106
900,46,0.00092
1000,57,0.00114
1150,69,0.00138
