Bin , nEvents , Efficiencies
50,3,6e-05
100,11,0.00022
150,1,2e-05
200,3,6e-05
250,7,0.00014
300,7,0.00014
350,7,0.00014
400,6,0.00012
500,9,0.00018
600,29,0.00058
