Bin , nEvents , Efficiencies
50,43,0.00086
70,18,0.00036
80,12,0.00024
90,17,0.00034
100,25,0.0005
120,26,0.00052
140,30,0.0006
160,25,0.0005
180,31,0.00062
200,26,0.00052
220,28,0.00056
240,27,0.00054
260,21,0.00042
280,26,0.00052
300,33,0.00066
320,20,0.0004
340,25,0.0005
360,49,0.00098
400,93,0.00186
500,83,0.00166
600,72,0.00144
700,38,0.00076
800,144,0.00288
