Bin , nEvents , Efficiencies
50,40,0.0008
70,17,0.00034
80,16,0.00032
90,21,0.00042
100,28,0.00056
120,36,0.00072
140,36,0.00072
160,34,0.00068
180,20,0.0004
200,26,0.00052
220,22,0.00044
240,28,0.00056
260,22,0.00044
280,29,0.00058
300,25,0.0005
320,19,0.00038
340,23,0.00046
360,35,0.0007
400,95,0.0019
500,80,0.0016
600,61,0.00122
700,53,0.00106
800,177,0.00354
