Bin , nEvents , Efficiencies
150,0,0
200,2,8e-05
250,4,0.00016
300,5,0.0002
350,11,0.00044
400,6,0.00024
450,3,0.00012
500,5,0.0002
550,9,0.00036
650,50,0.002
