Bin , nEvents , Efficiencies
150,21,0.00084
200,60,0.0024
250,74,0.00296
300,69,0.00276
350,70,0.0028
400,60,0.0024
450,72,0.00288
500,105,0.0042
600,95,0.0038
700,76,0.00304
800,82,0.00328
900,45,0.0018
1000,64,0.00256
1150,83,0.00332
