Bin , nEvents , Efficiencies
150,30,0.0006
200,110,0.0022
250,144,0.00288
300,118,0.00236
350,130,0.0026
400,130,0.0026
450,112,0.00224
500,211,0.00422
600,201,0.00402
700,149,0.00298
800,138,0.00276
900,95,0.0019
1000,131,0.00262
1150,190,0.0038
