Bin , nEvents , Efficiencies
150,46,0.00092
200,115,0.0023
250,110,0.0022
300,136,0.00272
350,120,0.0024
400,126,0.00252
450,129,0.00258
500,213,0.00426
600,181,0.00362
700,165,0.0033
800,135,0.0027
900,101,0.00202
1000,112,0.00224
1150,180,0.0036
