Bin , nEvents , Efficiencies
50,0,0
100,2,8e-05
150,1,4e-05
200,1,4e-05
250,2,8e-05
300,3,0.00012
350,1,4e-05
400,2,8e-05
500,2,8e-05
600,11,0.00044
