Bin , nEvents , Efficiencies
50,6,0.00024
70,2,8e-05
80,2,8e-05
90,12,0.00048
100,20,0.0008
120,15,0.0006
140,19,0.00076
160,12,0.00048
180,13,0.00052
200,22,0.00088
220,24,0.00096
240,25,0.001
260,18,0.00072
280,20,0.0008
300,26,0.00104
320,19,0.00076
340,13,0.00052
360,25,0.001
400,79,0.00316
500,53,0.00212
600,51,0.00204
700,42,0.00168
800,132,0.00528
