Bin , nEvents , Efficiencies
50,2,4e-05
70,6,0.00012
80,10,0.0002
90,11,0.00022
100,28,0.00056
120,33,0.00066
140,28,0.00056
160,25,0.0005
180,40,0.0008
200,30,0.0006
220,32,0.00064
240,42,0.00084
260,28,0.00056
280,39,0.00078
300,26,0.00052
320,29,0.00058
340,25,0.0005
360,58,0.00116
400,123,0.00246
500,105,0.0021
600,87,0.00174
700,66,0.00132
800,234,0.00468
