Bin , nEvents , Efficiencies
50,1,2e-05
70,7,0.00014
80,12,0.00024
90,12,0.00024
100,29,0.00058
120,27,0.00054
140,28,0.00056
160,34,0.00068
180,44,0.00088
200,32,0.00064
220,43,0.00086
240,44,0.00088
260,43,0.00086
280,27,0.00054
300,29,0.00058
320,25,0.0005
340,29,0.00058
360,70,0.0014
400,127,0.00254
500,125,0.0025
600,83,0.00166
700,78,0.00156
800,237,0.00474
