Bin , nEvents , Efficiencies
150,0,0
200,5,0.0001
250,6,0.00012
300,9,0.00018
350,17,0.00034
400,12,0.00024
450,20,0.0004
500,13,0.00026
550,35,0.0007
650,120,0.0024
