Bin , nEvents , Efficiencies
50,37,0.00074
70,20,0.0004
80,22,0.00044
90,16,0.00032
100,32,0.00064
120,42,0.00084
140,33,0.00066
160,43,0.00086
180,44,0.00088
200,44,0.00088
220,30,0.0006
240,28,0.00056
260,38,0.00076
280,34,0.00068
300,31,0.00062
320,25,0.0005
340,25,0.0005
360,44,0.00088
400,99,0.00198
500,75,0.0015
600,44,0.00088
700,24,0.00048
800,70,0.0014
