Bin , nEvents , Efficiencies
150,0,0
200,0,0
250,0,0
300,2,8e-05
350,0,0
400,0,0
450,0,0
500,4,0.00016
600,7,0.00028
700,5,0.0002
800,7,0.00028
900,7,0.00028
1000,6,0.00024
1150,19,0.00076
