Bin , nEvents , Efficiencies
50,8,0.00032
100,3,0.00012
150,6,0.00024
200,7,0.00028
250,4,0.00016
300,7,0.00028
350,3,0.00012
400,5,0.0002
500,1,4e-05
600,35,0.0014
