Bin , nEvents , Efficiencies
50,17,0.00068
70,6,0.00024
80,7,0.00028
90,6,0.00024
100,12,0.00048
120,8,0.00032
140,5,0.0002
160,12,0.00048
180,8,0.00032
200,5,0.0002
220,8,0.00032
240,9,0.00036
260,6,0.00024
280,8,0.00032
300,10,0.0004
320,7,0.00028
340,7,0.00028
360,10,0.0004
400,33,0.00132
500,31,0.00124
600,23,0.00092
700,15,0.0006
800,90,0.0036
