Bin , nEvents , Efficiencies
50,12,0.00024
70,27,0.00054
80,42,0.00084
90,56,0.00112
100,112,0.00224
120,79,0.00158
140,80,0.0016
160,53,0.00106
180,51,0.00102
200,30,0.0006
220,41,0.00082
240,32,0.00064
260,25,0.0005
280,23,0.00046
300,20,0.0004
320,14,0.00028
340,25,0.0005
360,34,0.00068
400,60,0.0012
500,28,0.00056
600,12,0.00024
700,7,0.00014
800,10,0.0002
