Bin , nEvents , Efficiencies
150,2,4e-05
200,2,4e-05
250,1,2e-05
300,2,4e-05
350,6,0.00012
400,3,6e-05
450,3,6e-05
500,2,4e-05
550,7,0.00014
650,32,0.00064
