Bin , nEvents , Efficiencies
150,0,0
200,1,2e-05
250,0,0
300,4,8e-05
350,6,0.00012
400,4,8e-05
450,0,0
500,3,6e-05
550,5,0.0001
650,14,0.00028
