Bin , nEvents , Efficiencies
150,1,4e-05
200,8,0.00032
250,7,0.00028
300,6,0.00024
350,6,0.00024
400,6,0.00024
450,10,0.0004
500,1,4e-05
550,7,0.00028
650,37,0.00148
