Bin , nEvents , Efficiencies
150,20,0.0008
200,53,0.00212
250,73,0.00292
300,69,0.00276
350,62,0.00248
400,76,0.00304
450,60,0.0024
500,133,0.00532
600,107,0.00428
700,74,0.00296
800,69,0.00276
900,58,0.00232
1000,58,0.00232
1150,96,0.00384
