Bin , nEvents , Efficiencies
150,37,0.00074
200,95,0.0019
250,124,0.00248
300,142,0.00284
350,124,0.00248
400,131,0.00262
450,112,0.00224
500,198,0.00396
600,173,0.00346
700,136,0.00272
800,134,0.00268
900,95,0.0019
1000,131,0.00262
1150,202,0.00404
