Bin , nEvents , Efficiencies
150,42,0.00084
200,125,0.0025
250,136,0.00272
300,117,0.00234
350,110,0.0022
400,125,0.0025
450,112,0.00224
500,217,0.00434
600,197,0.00394
700,146,0.00292
800,164,0.00328
900,100,0.002
1000,112,0.00224
1150,200,0.004
