Bin , nEvents , Efficiencies
50,1,4e-05
100,0,0
150,3,0.00012
200,3,0.00012
250,1,4e-05
300,2,8e-05
350,0,0
400,2,8e-05
500,0,0
600,11,0.00044
