Bin , nEvents , Efficiencies
50,0,0
100,1,2e-05
150,2,4e-05
200,0,0
250,1,2e-05
300,2,4e-05
350,2,4e-05
400,7,0.00014
500,1,2e-05
600,12,0.00024
