Bin , nEvents , Efficiencies
50,1,2e-05
70,5,0.0001
80,17,0.00034
90,11,0.00022
100,25,0.0005
120,28,0.00056
140,30,0.0006
160,43,0.00086
180,40,0.0008
200,36,0.00072
220,28,0.00056
240,33,0.00066
260,40,0.0008
280,43,0.00086
300,39,0.00078
320,28,0.00056
340,31,0.00062
360,67,0.00134
400,141,0.00282
500,122,0.00244
600,87,0.00174
700,83,0.00166
800,241,0.00482
