Bin , nEvents , Efficiencies
50,2,4e-05
70,7,0.00014
80,12,0.00024
90,6,0.00012
100,25,0.0005
120,31,0.00062
140,28,0.00056
160,40,0.0008
180,32,0.00064
200,27,0.00054
220,34,0.00068
240,40,0.0008
260,35,0.0007
280,41,0.00082
300,38,0.00076
320,25,0.0005
340,29,0.00058
360,54,0.00108
400,149,0.00298
500,116,0.00232
600,101,0.00202
700,85,0.0017
800,216,0.00432
