Bin , nEvents , Efficiencies
50,0,0
70,4,0.00016
80,4,0.00016
90,9,0.00036
100,19,0.00076
120,21,0.00084
140,23,0.00092
160,18,0.00072
180,15,0.0006
200,11,0.00044
220,15,0.0006
240,17,0.00068
260,14,0.00056
280,14,0.00056
300,21,0.00084
320,19,0.00076
340,23,0.00092
360,23,0.00092
400,88,0.00352
500,70,0.0028
600,44,0.00176
700,37,0.00148
800,132,0.00528
