Bin , nEvents , Efficiencies
150,0,0
200,0,0
250,0,0
300,3,6e-05
350,1,2e-05
400,2,4e-05
450,4,8e-05
500,10,0.0002
600,15,0.0003
700,8,0.00016
800,18,0.00036
900,14,0.00028
1000,28,0.00056
1150,86,0.00172
