Bin , nEvents , Efficiencies
50,7,0.00014
100,1,2e-05
150,3,6e-05
200,4,8e-05
250,3,6e-05
300,4,8e-05
350,7,0.00014
400,6,0.00012
500,4,8e-05
600,39,0.00078
