Bin , nEvents , Efficiencies
50,10,0.0002
100,11,0.00022
150,11,0.00022
200,12,0.00024
250,5,0.0001
300,10,0.0002
350,4,8e-05
400,11,0.00022
500,17,0.00034
600,101,0.00202
