Bin , nEvents , Efficiencies
50,13,0.00026
70,8,0.00016
80,3,6e-05
90,5,0.0001
100,5,0.0001
120,10,0.0002
140,6,0.00012
160,8,0.00016
180,13,0.00026
200,8,0.00016
220,8,0.00016
240,5,0.0001
260,4,8e-05
280,10,0.0002
300,10,0.0002
320,5,0.0001
340,4,8e-05
360,12,0.00024
400,42,0.00084
500,39,0.00078
600,22,0.00044
700,33,0.00066
800,117,0.00234
