Bin , nEvents , Efficiencies
150,86,0.00172
200,148,0.00296
250,102,0.00204
300,77,0.00154
350,83,0.00166
400,50,0.001
450,28,0.00056
500,57,0.00114
600,36,0.00072
700,18,0.00036
800,13,0.00026
900,6,0.00012
1000,9,0.00018
1150,12,0.00024
