Bin , nEvents , Efficiencies
150,74,0.00148
200,156,0.00312
250,123,0.00246
300,77,0.00154
350,76,0.00152
400,52,0.00104
450,47,0.00094
500,67,0.00134
600,36,0.00072
700,23,0.00046
800,21,0.00042
900,5,0.0001
1000,9,0.00018
1150,8,0.00016
