Bin , nEvents , Efficiencies
50,9,0.00018
70,33,0.00066
80,39,0.00078
90,69,0.00138
100,99,0.00198
120,104,0.00208
140,90,0.0018
160,43,0.00086
180,42,0.00084
200,33,0.00066
220,32,0.00064
240,29,0.00058
260,27,0.00054
280,24,0.00048
300,18,0.00036
320,11,0.00022
340,11,0.00022
360,24,0.00048
400,47,0.00094
500,34,0.00068
600,13,0.00026
700,6,0.00012
800,19,0.00038
