Bin , nEvents , Efficiencies
50,18,0.00036
100,28,0.00056
150,16,0.00032
200,6,0.00012
250,5,0.0001
300,3,6e-05
350,0,0
400,0,0
500,0,0
600,2,4e-05
