Bin , nEvents , Efficiencies
50,2,8e-05
70,2,8e-05
80,0,0
90,1,4e-05
100,1,4e-05
120,2,8e-05
140,0,0
160,3,0.00012
180,2,8e-05
200,1,4e-05
220,0,0
240,1,4e-05
260,0,0
280,0,0
300,3,0.00012
320,4,0.00016
340,0,0
360,3,0.00012
400,4,0.00016
500,6,0.00024
600,5,0.0002
700,3,0.00012
800,23,0.00092
