Bin , nEvents , Efficiencies
150,0,0
200,0,0
250,0,0
300,0,0
350,0,0
400,0,0
450,4,8e-05
500,3,6e-05
600,7,0.00014
700,15,0.0003
800,11,0.00022
900,15,0.0003
1000,22,0.00044
1150,84,0.00168
