Bin , nEvents , Efficiencies
50,13,0.00026
70,4,8e-05
80,1,2e-05
90,2,4e-05
100,7,0.00014
120,5,0.0001
140,3,6e-05
160,2,4e-05
180,3,6e-05
200,4,8e-05
220,7,0.00014
240,6,0.00012
260,5,0.0001
280,1,2e-05
300,2,4e-05
320,2,4e-05
340,9,0.00018
360,8,0.00016
400,25,0.0005
500,22,0.00044
600,29,0.00058
700,26,0.00052
800,128,0.00256
