Bin , nEvents , Efficiencies
50,9,0.00018
70,2,4e-05
80,6,0.00012
90,8,0.00016
100,7,0.00014
120,12,0.00024
140,10,0.0002
160,11,0.00022
180,5,0.0001
200,5,0.0001
220,8,0.00016
240,7,0.00014
260,9,0.00018
280,10,0.0002
300,7,0.00014
320,3,6e-05
340,8,0.00016
360,12,0.00024
400,29,0.00058
500,21,0.00042
600,21,0.00042
700,16,0.00032
800,107,0.00214
