Bin , nEvents , Efficiencies
150,0,0
200,0,0
250,0,0
300,1,4e-05
350,2,8e-05
400,0,0
450,0,0
500,4,0.00016
600,4,0.00016
700,9,0.00036
800,7,0.00028
900,10,0.0004
1000,14,0.00056
1150,50,0.002
