Bin , nEvents , Efficiencies
50,9,0.00036
100,5,0.0002
150,5,0.0002
200,8,0.00032
250,5,0.0002
300,2,8e-05
350,5,0.0002
400,13,0.00052
500,8,0.00032
600,52,0.00208
