Bin , nEvents , Efficiencies
50,14,0.00056
70,3,0.00012
80,2,8e-05
90,2,8e-05
100,8,0.00032
120,11,0.00044
140,10,0.0004
160,2,8e-05
180,6,0.00024
200,13,0.00052
220,7,0.00028
240,8,0.00032
260,3,0.00012
280,4,0.00016
300,5,0.0002
320,3,0.00012
340,2,8e-05
360,10,0.0004
400,34,0.00136
500,35,0.0014
600,20,0.0008
700,20,0.0008
800,144,0.00576
