Bin , nEvents , Efficiencies
50,1,4e-05
70,3,0.00012
80,3,0.00012
90,8,0.00032
100,14,0.00056
120,15,0.0006
140,11,0.00044
160,24,0.00096
180,9,0.00036
200,19,0.00076
220,16,0.00064
240,17,0.00068
260,25,0.001
280,11,0.00044
300,11,0.00044
320,19,0.00076
340,19,0.00076
360,26,0.00104
400,52,0.00208
500,61,0.00244
600,51,0.00204
700,38,0.00152
800,125,0.005
