Bin , nEvents , Efficiencies
50,4,0.00016
70,10,0.0004
80,10,0.0004
90,9,0.00036
100,24,0.00096
120,21,0.00084
140,15,0.0006
160,24,0.00096
180,25,0.001
200,22,0.00088
220,18,0.00072
240,16,0.00064
260,14,0.00056
280,11,0.00044
300,16,0.00064
320,13,0.00052
340,15,0.0006
360,31,0.00124
400,57,0.00228
500,38,0.00152
600,26,0.00104
700,18,0.00072
800,60,0.0024
