Bin , nEvents , Efficiencies
150,0,0
200,0,0
250,7,0.00014
300,9,0.00018
350,13,0.00026
400,18,0.00036
450,29,0.00058
500,54,0.00108
600,56,0.00112
700,45,0.0009
800,54,0.00108
900,49,0.00098
1000,52,0.00104
1150,118,0.00236
