Bin , nEvents , Efficiencies
150,0,0
200,2,4e-05
250,3,6e-05
300,7,0.00014
350,8,0.00016
400,18,0.00036
450,21,0.00042
500,36,0.00072
600,44,0.00088
700,41,0.00082
800,54,0.00108
900,44,0.00088
1000,53,0.00106
1150,84,0.00168
