Bin , nEvents , Efficiencies
50,5,0.0001
100,8,0.00016
150,4,8e-05
200,4,8e-05
250,2,4e-05
300,2,4e-05
350,5,0.0001
400,9,0.00018
500,10,0.0002
600,24,0.00048
