Bin , nEvents , Efficiencies
50,30,0.0006
70,17,0.00034
80,11,0.00022
90,9,0.00018
100,28,0.00056
120,31,0.00062
140,27,0.00054
160,33,0.00066
180,20,0.0004
200,22,0.00044
220,22,0.00044
240,24,0.00048
260,26,0.00052
280,21,0.00042
300,26,0.00052
320,17,0.00034
340,23,0.00046
360,31,0.00062
400,80,0.0016
500,74,0.00148
600,67,0.00134
700,54,0.00108
800,178,0.00356
