Bin , nEvents , Efficiencies
150,2,4e-05
200,7,0.00014
250,4,8e-05
300,9,0.00018
350,11,0.00022
400,7,0.00014
450,7,0.00014
500,11,0.00022
550,18,0.00036
650,97,0.00194
