Bin , nEvents , Efficiencies
150,1,2e-05
200,3,6e-05
250,2,4e-05
300,3,6e-05
350,3,6e-05
400,6,0.00012
450,3,6e-05
500,6,0.00012
550,3,6e-05
650,28,0.00056
