Bin , nEvents , Efficiencies
150,40,0.0008
200,107,0.00214
250,141,0.00282
300,140,0.0028
350,132,0.00264
400,142,0.00284
450,107,0.00214
500,213,0.00426
600,183,0.00366
700,125,0.0025
800,109,0.00218
900,92,0.00184
1000,117,0.00234
1150,171,0.00342
