Bin , nEvents , Efficiencies
50,2,4e-05
100,2,4e-05
150,5,0.0001
200,2,4e-05
250,1,2e-05
300,2,4e-05
350,6,0.00012
400,4,8e-05
500,8,0.00016
600,31,0.00062
