Bin , nEvents , Efficiencies
50,7,0.00014
70,6,0.00012
80,13,0.00026
90,11,0.00022
100,28,0.00056
120,26,0.00052
140,34,0.00068
160,32,0.00064
180,40,0.0008
200,27,0.00054
220,36,0.00072
240,37,0.00074
260,26,0.00052
280,23,0.00046
300,28,0.00056
320,28,0.00056
340,36,0.00072
360,64,0.00128
400,137,0.00274
500,110,0.0022
600,105,0.0021
700,81,0.00162
800,216,0.00432
