Bin , nEvents , Efficiencies
50,3,6e-05
70,4,8e-05
80,7,0.00014
90,10,0.0002
100,36,0.00072
120,34,0.00068
140,34,0.00068
160,34,0.00068
180,36,0.00072
200,49,0.00098
220,25,0.0005
240,46,0.00092
260,37,0.00074
280,39,0.00078
300,42,0.00084
320,43,0.00086
340,34,0.00068
360,70,0.0014
400,142,0.00284
500,113,0.00226
600,102,0.00204
700,74,0.00148
800,251,0.00502
