Bin , nEvents , Efficiencies
50,0,0
100,2,8e-05
150,1,4e-05
200,1,4e-05
250,0,0
300,1,4e-05
350,0,0
400,1,4e-05
500,6,0.00024
600,7,0.00028
