Bin , nEvents , Efficiencies
150,0,0
200,0,0
250,1,2e-05
300,0,0
350,2,4e-05
400,4,8e-05
450,2,4e-05
500,9,0.00018
550,9,0.00018
650,86,0.00172
