Bin , nEvents , Efficiencies
150,0,0
200,1,2e-05
250,0,0
300,5,0.0001
350,7,0.00014
400,10,0.0002
450,12,0.00024
500,42,0.00084
600,44,0.00088
700,33,0.00066
800,26,0.00052
900,47,0.00094
1000,48,0.00096
1150,89,0.00178
