Bin , nEvents , Efficiencies
50,8,0.00016
100,4,8e-05
150,5,0.0001
200,5,0.0001
250,4,8e-05
300,5,0.0001
350,5,0.0001
400,7,0.00014
500,9,0.00018
600,33,0.00066
