Bin , nEvents , Efficiencies
50,36,0.00072
70,14,0.00028
80,9,0.00018
90,9,0.00018
100,28,0.00056
120,30,0.0006
140,22,0.00044
160,24,0.00048
180,19,0.00038
200,15,0.0003
220,23,0.00046
240,25,0.0005
260,19,0.00038
280,18,0.00036
300,12,0.00024
320,24,0.00048
340,16,0.00032
360,41,0.00082
400,70,0.0014
500,67,0.00134
600,54,0.00108
700,73,0.00146
800,201,0.00402
