Bin , nEvents , Efficiencies
50,32,0.00064
70,9,0.00018
80,13,0.00026
90,10,0.0002
100,21,0.00042
120,18,0.00036
140,30,0.0006
160,18,0.00036
180,24,0.00048
200,20,0.0004
220,20,0.0004
240,24,0.00048
260,23,0.00046
280,22,0.00044
300,12,0.00024
320,15,0.0003
340,20,0.0004
360,31,0.00062
400,81,0.00162
500,66,0.00132
600,70,0.0014
700,52,0.00104
800,190,0.0038
