Bin , nEvents , Efficiencies
150,1,4e-05
200,5,0.0002
250,0,0
300,0,0
350,3,0.00012
400,4,0.00016
450,0,0
500,3,0.00012
550,4,0.00016
650,1,4e-05
