Bin , nEvents , Efficiencies
150,50,0.002
200,88,0.00352
250,61,0.00244
300,48,0.00192
350,35,0.0014
400,23,0.00092
450,19,0.00076
500,28,0.00112
600,20,0.0008
700,8,0.00032
800,6,0.00024
900,6,0.00024
1000,6,0.00024
1150,2,8e-05
