Bin , nEvents , Efficiencies
50,4,0.00016
70,15,0.0006
80,28,0.00112
90,28,0.00112
100,58,0.00232
120,58,0.00232
140,41,0.00164
160,27,0.00108
180,34,0.00136
200,33,0.00132
220,19,0.00076
240,15,0.0006
260,10,0.0004
280,11,0.00044
300,11,0.00044
320,7,0.00028
340,2,8e-05
360,18,0.00072
400,27,0.00108
500,15,0.0006
600,12,0.00048
700,5,0.0002
800,13,0.00052
