Bin , nEvents , Efficiencies
150,0,0
200,0,0
250,0,0
300,1,2e-05
350,2,4e-05
400,3,6e-05
450,0,0
500,5,0.0001
600,13,0.00026
700,17,0.00034
800,15,0.0003
900,26,0.00052
1000,22,0.00044
1150,98,0.00196
