Bin , nEvents , Efficiencies
150,4,0.00016
200,1,4e-05
250,5,0.0002
300,4,0.00016
350,2,8e-05
400,3,0.00012
450,1,4e-05
500,0,0
550,1,4e-05
650,0,0
