Bin , nEvents , Efficiencies
150,54,0.00216
200,85,0.0034
250,69,0.00276
300,45,0.0018
350,43,0.00172
400,35,0.0014
450,18,0.00072
500,28,0.00112
600,23,0.00092
700,18,0.00072
800,6,0.00024
900,6,0.00024
1000,3,0.00012
1150,6,0.00024
