Bin , nEvents , Efficiencies
50,3,0.00012
100,3,0.00012
150,3,0.00012
200,1,4e-05
250,0,0
300,0,0
350,1,4e-05
400,0,0
500,0,0
600,2,8e-05
