Bin , nEvents , Efficiencies
50,61,0.000331969
70,145,0.000789107
80,224,0.00121903
90,252,0.00137141
100,501,0.0027265
120,373,0.00202991
140,306,0.00166529
160,208,0.00113196
180,203,0.00110475
200,158,0.000859855
220,123,0.00066938
240,123,0.00066938
260,124,0.000674823
280,94,0.000511559
300,78,0.000424485
320,72,0.000391832
340,65,0.000353738
360,93,0.000506117
400,195,0.00106121
500,83,0.000451696
600,75,0.000408159
700,33,0.00017959
800,73,0.000397275
