Bin , nEvents , Efficiencies
50,0,0
100,4,0.00016
150,2,8e-05
200,1,4e-05
250,0,0
300,3,0.00012
350,5,0.0002
400,2,8e-05
500,2,8e-05
600,24,0.00096
