Bin , nEvents , Efficiencies
50,4,0.00016
70,1,4e-05
80,2,8e-05
90,2,8e-05
100,5,0.0002
120,0,0
140,3,0.00012
160,0,0
180,2,8e-05
200,3,0.00012
220,1,4e-05
240,1,4e-05
260,3,0.00012
280,1,4e-05
300,7,0.00028
320,0,0
340,1,4e-05
360,6,0.00024
400,11,0.00044
500,12,0.00048
600,9,0.00036
700,15,0.0006
800,46,0.00184
