Bin , nEvents , Efficiencies
150,0,0
200,1,2e-05
250,2,4e-05
300,1,2e-05
350,5,0.0001
400,7,0.00014
450,7,0.00014
500,23,0.00046
600,27,0.00054
700,34,0.00068
800,34,0.00068
900,45,0.0009
1000,61,0.00122
1150,118,0.00236
