Bin , nEvents , Efficiencies
50,2,4e-05
100,1,2e-05
150,4,8e-05
200,6,0.00012
250,2,4e-05
300,2,4e-05
350,4,8e-05
400,3,6e-05
500,8,0.00016
600,34,0.00068
