Bin , nEvents , Efficiencies
50,43,0.00086
70,10,0.0002
80,10,0.0002
90,11,0.00022
100,21,0.00042
120,12,0.00024
140,19,0.00038
160,17,0.00034
180,18,0.00036
200,20,0.0004
220,13,0.00026
240,18,0.00036
260,15,0.0003
280,20,0.0004
300,12,0.00024
320,18,0.00036
340,20,0.0004
360,27,0.00054
400,45,0.0009
500,59,0.00118
600,58,0.00116
700,51,0.00102
800,205,0.0041
