Bin , nEvents , Efficiencies
150,3,0.00012
200,3,0.00012
250,2,8e-05
300,5,0.0002
350,1,4e-05
400,0,0
450,1,4e-05
500,1,4e-05
550,1,4e-05
650,2,8e-05
