Bin , nEvents , Efficiencies
150,28,0.00112
200,74,0.00296
250,62,0.00248
300,42,0.00168
350,32,0.00128
400,24,0.00096
450,12,0.00048
500,27,0.00108
600,17,0.00068
700,13,0.00052
800,12,0.00048
900,3,0.00012
1000,5,0.0002
1150,10,0.0004
