Bin , nEvents , Efficiencies
50,8,0.00032
70,17,0.00068
80,27,0.00108
90,39,0.00156
100,68,0.00272
120,49,0.00196
140,41,0.00164
160,27,0.00108
180,22,0.00088
200,23,0.00092
220,14,0.00056
240,10,0.0004
260,9,0.00036
280,13,0.00052
300,13,0.00052
320,6,0.00024
340,9,0.00036
360,9,0.00036
400,21,0.00084
500,12,0.00048
600,4,0.00016
700,7,0.00028
800,10,0.0004
