Bin , nEvents , Efficiencies
150,0,0
200,1,2e-05
250,0,0
300,0,0
350,6,0.00012
400,10,0.0002
450,4,8e-05
500,11,0.00022
550,20,0.0004
650,150,0.003
