Bin , nEvents , Efficiencies
150,0,0
200,0,0
250,0,0
300,2,4e-05
350,2,4e-05
400,4,8e-05
450,4,8e-05
500,7,0.00014
550,5,0.0001
650,67,0.00134
