Bin , nEvents , Efficiencies
150,0,0
200,0,0
250,1,2e-05
300,8,0.00016
350,7,0.00014
400,14,0.00028
450,28,0.00056
500,54,0.00108
600,42,0.00084
700,55,0.0011
800,42,0.00084
900,41,0.00082
1000,61,0.00122
1150,80,0.0016
