Bin , nEvents , Efficiencies
50,14,0.00028
70,37,0.00074
80,52,0.00104
90,64,0.00128
100,119,0.00238
120,109,0.00218
140,73,0.00146
160,57,0.00114
180,71,0.00142
200,42,0.00084
220,46,0.00092
240,35,0.0007
260,41,0.00082
280,20,0.0004
300,27,0.00054
320,34,0.00068
340,16,0.00032
360,30,0.0006
400,54,0.00108
500,35,0.0007
600,22,0.00044
700,7,0.00014
800,21,0.00042
