Bin , nEvents , Efficiencies
150,0,0
200,0,0
250,0,0
300,0,0
350,0,0
400,1,2e-05
450,3,6e-05
500,2,4e-05
550,8,0.00016
650,57,0.00114
