Bin , nEvents , Efficiencies
50,20,0.0004
100,18,0.00036
150,9,0.00018
200,17,0.00034
250,11,0.00022
300,12,0.00024
350,6,0.00012
400,28,0.00056
500,13,0.00026
600,117,0.00234
