Bin , nEvents , Efficiencies
50,37,0.00074
100,33,0.00066
150,18,0.00036
200,25,0.0005
250,20,0.0004
300,28,0.00056
350,28,0.00056
400,36,0.00072
500,22,0.00044
600,100,0.002
