Bin , nEvents , Efficiencies
50,35,0.0007
70,21,0.00042
80,24,0.00048
90,14,0.00028
100,33,0.00066
120,35,0.0007
140,25,0.0005
160,28,0.00056
180,26,0.00052
200,29,0.00058
220,33,0.00066
240,32,0.00064
260,19,0.00038
280,29,0.00058
300,24,0.00048
320,26,0.00052
340,26,0.00052
360,35,0.0007
400,99,0.00198
500,63,0.00126
600,45,0.0009
700,37,0.00074
800,130,0.0026
