Bin , nEvents , Efficiencies
150,66,0.00132
200,112,0.00224
250,78,0.00156
300,51,0.00102
350,20,0.0004
400,21,0.00042
450,9,0.00018
500,17,0.00034
600,5,0.0001
700,8,0.00016
800,3,6e-05
900,1,2e-05
1000,1,2e-05
1150,0,0
