Bin , nEvents , Efficiencies
50,6,0.00024
100,5,0.0002
150,1,4e-05
200,1,4e-05
250,0,0
300,0,0
350,3,0.00012
400,1,4e-05
500,0,0
600,0,0
