Bin , nEvents , Efficiencies
150,0,0
200,0,0
250,0,0
300,0,0
350,0,0
400,0,0
450,2,8e-05
500,5,0.0002
600,11,0.00044
700,11,0.00044
800,9,0.00036
900,13,0.00052
1000,12,0.00048
1150,35,0.0014
