Bin , nEvents , Efficiencies
50,4,0.00016
100,3,0.00012
150,6,0.00024
200,4,0.00016
250,1,4e-05
300,5,0.0002
350,3,0.00012
400,10,0.0004
500,8,0.00032
600,27,0.00108
