Bin , nEvents , Efficiencies
50,18,0.00072
70,5,0.0002
80,2,8e-05
90,5,0.0002
100,14,0.00056
120,15,0.0006
140,7,0.00028
160,7,0.00028
180,8,0.00032
200,6,0.00024
220,13,0.00052
240,10,0.0004
260,5,0.0002
280,3,0.00012
300,6,0.00024
320,8,0.00032
340,6,0.00024
360,12,0.00048
400,30,0.0012
500,24,0.00096
600,26,0.00104
700,25,0.001
800,98,0.00392
