Bin , nEvents , Efficiencies
50,6,0.00024
70,1,4e-05
80,2,8e-05
90,0,0
100,2,8e-05
120,2,8e-05
140,1,4e-05
160,0,0
180,2,8e-05
200,2,8e-05
220,3,0.00012
240,2,8e-05
260,2,8e-05
280,1,4e-05
300,2,8e-05
320,1,4e-05
340,1,4e-05
360,3,0.00012
400,6,0.00024
500,4,0.00016
600,8,0.00032
700,3,0.00012
800,38,0.00152
