Bin , nEvents , Efficiencies
150,0,0
200,0,0
250,0,0
300,0,0
350,0,0
400,0,0
450,0,0
500,0,0
600,0,0
700,4,8e-05
800,4,8e-05
900,4,8e-05
1000,8,0.00016
1150,51,0.00102
