Bin , nEvents , Efficiencies
50,4,0.00016
100,1,4e-05
150,0,0
200,0,0
250,1,4e-05
300,1,4e-05
350,1,4e-05
400,2,8e-05
500,0,0
600,23,0.00092
