Bin , nEvents , Efficiencies
50,3,0.00012
70,0,0
80,3,0.00012
90,1,4e-05
100,0,0
120,4,0.00016
140,2,8e-05
160,2,8e-05
180,4,0.00016
200,3,0.00012
220,0,0
240,0,0
260,2,8e-05
280,1,4e-05
300,0,0
320,2,8e-05
340,2,8e-05
360,1,4e-05
400,5,0.0002
500,9,0.00036
600,4,0.00016
700,3,0.00012
800,29,0.00116
