Bin , nEvents , Efficiencies
50,5,0.0001
70,3,6e-05
80,3,6e-05
90,0,0
100,7,0.00014
120,1,2e-05
140,6,0.00012
160,5,0.0001
180,3,6e-05
200,2,4e-05
220,3,6e-05
240,3,6e-05
260,3,6e-05
280,4,8e-05
300,1,2e-05
320,1,2e-05
340,1,2e-05
360,6,0.00012
400,19,0.00038
500,11,0.00022
600,15,0.0003
700,13,0.00026
800,78,0.00156
