Bin , nEvents , Efficiencies
150,0,0
200,3,0.00012
250,3,0.00012
300,3,0.00012
350,4,0.00016
400,3,0.00012
450,2,8e-05
500,3,0.00012
550,8,0.00032
650,47,0.00188
