Bin , nEvents , Efficiencies
150,0,0
200,0,0
250,0,0
300,2,4e-05
350,0,0
400,2,4e-05
450,2,4e-05
500,1,2e-05
550,7,0.00014
650,97,0.00194
