Bin , nEvents , Efficiencies
150,0,0
200,0,0
250,0,0
300,2,4e-05
350,2,4e-05
400,7,0.00014
450,11,0.00022
500,28,0.00056
600,30,0.0006
700,35,0.0007
800,38,0.00076
900,37,0.00074
1000,50,0.001
1150,139,0.00278
