Bin , nEvents , Efficiencies
50,25,0.0005
70,12,0.00024
80,13,0.00026
90,9,0.00018
100,16,0.00032
120,15,0.0003
140,11,0.00022
160,13,0.00026
180,14,0.00028
200,11,0.00022
220,18,0.00036
240,11,0.00022
260,15,0.0003
280,8,0.00016
300,7,0.00014
320,12,0.00024
340,8,0.00016
360,24,0.00048
400,56,0.00112
500,61,0.00122
600,56,0.00112
700,54,0.00108
800,183,0.00366
