Bin , nEvents , Efficiencies
150,1,4e-05
200,1,4e-05
250,7,0.00028
300,5,0.0002
350,7,0.00028
400,3,0.00012
450,4,0.00016
500,2,8e-05
550,15,0.0006
650,43,0.00172
