Bin , nEvents , Efficiencies
150,25,0.001
200,59,0.00236
250,64,0.00256
300,74,0.00296
350,75,0.003
400,71,0.00284
450,78,0.00312
500,97,0.00388
600,104,0.00416
700,87,0.00348
800,69,0.00276
900,52,0.00208
1000,71,0.00284
1150,94,0.00376
