Bin , nEvents , Efficiencies
50,0,0
100,0,0
150,1,4e-05
200,0,0
250,2,8e-05
300,2,8e-05
350,1,4e-05
400,6,0.00024
500,4,0.00016
600,19,0.00076
