Bin , nEvents , Efficiencies
50,4,0.00016
70,6,0.00024
80,5,0.0002
90,2,8e-05
100,20,0.0008
120,16,0.00064
140,15,0.0006
160,16,0.00064
180,23,0.00092
200,21,0.00084
220,23,0.00092
240,26,0.00104
260,17,0.00068
280,15,0.0006
300,12,0.00048
320,21,0.00084
340,11,0.00044
360,24,0.00096
400,79,0.00316
500,70,0.0028
600,47,0.00188
700,48,0.00192
800,154,0.00616
