Bin , nEvents , Efficiencies
150,0,0
200,0,0
250,0,0
300,0,0
350,0,0
400,0,0
450,2,4e-05
500,1,2e-05
600,3,6e-05
700,2,4e-05
800,3,6e-05
900,9,0.00018
1000,14,0.00028
1150,49,0.00098
