Bin , nEvents , Efficiencies
150,0,0
200,0,0
250,0,0
300,1,4e-05
350,0,0
400,0,0
450,0,0
500,0,0
600,3,0.00012
700,3,0.00012
800,6,0.00024
900,6,0.00024
1000,9,0.00036
1150,35,0.0014
