Bin , nEvents , Efficiencies
50,4,0.00016
100,1,4e-05
150,2,8e-05
200,3,0.00012
250,1,4e-05
300,0,0
350,1,4e-05
400,2,8e-05
500,2,8e-05
600,20,0.0008
