Bin , nEvents , Efficiencies
50,4,0.00016
70,2,8e-05
80,1,4e-05
90,2,8e-05
100,7,0.00028
120,1,4e-05
140,1,4e-05
160,3,0.00012
180,1,4e-05
200,2,8e-05
220,0,0
240,0,0
260,3,0.00012
280,2,8e-05
300,1,4e-05
320,0,0
340,2,8e-05
360,2,8e-05
400,8,0.00032
500,9,0.00036
600,6,0.00024
700,4,0.00016
800,40,0.0016
