Bin , nEvents , Efficiencies
150,0,0
200,0,0
250,0,0
300,0,0
350,0,0
400,0,0
450,0,0
500,3,6e-05
600,5,0.0001
700,3,6e-05
800,12,0.00024
900,11,0.00022
1000,15,0.0003
1150,54,0.00108
