Bin , nEvents , Efficiencies
50,3,6e-05
100,5,0.0001
150,5,0.0001
200,9,0.00018
250,4,8e-05
300,5,0.0001
350,5,0.0001
400,4,8e-05
500,5,0.0001
600,12,0.00024
