Bin , nEvents , Efficiencies
150,0,0
200,0,0
250,0,0
300,3,6e-05
350,2,4e-05
400,5,0.0001
450,6,0.00012
500,8,0.00016
550,6,0.00012
650,70,0.0014
