Bin , nEvents , Efficiencies
150,0,0
200,0,0
250,1,2e-05
300,0,0
350,1,2e-05
400,6,0.00012
450,4,8e-05
500,6,0.00012
550,15,0.0003
650,166,0.00332
