Bin , nEvents , Efficiencies
50,27,0.00054
100,13,0.00026
150,18,0.00036
200,21,0.00042
250,19,0.00038
300,22,0.00044
350,17,0.00034
400,37,0.00074
500,29,0.00058
600,122,0.00244
