Y10RR[1,1],Y10RR[2,1],Delta_chisquare
0.3,0.7,158.44231343457
0.8,0.8,6577.7319442751
