LM23L,LM33R,Delta_chisquare
0,0.1,0.19130540716082933
0.1,0,0.1750398204169592
0.5,0.2,0.08072681541310445
0.34,0.46,0.24777016339647773
