X10LL[2,1],X10LL[1,1],Delta_chisquare
-1.0422531884048922,2.376539058935524,313294.13329741854
-0.9911412739351686,-3.3860954890034014,5187162.060327864
