X10LL[1,1],Delta_chisquare
0.1,0.0456451937700173
0.2,0.25455122353353943
0.3,0.7606936432165163
0.4,1.5728671053639793
0.5,2.4581132412175677
