LM13L,Delta_chisquare
3,14.572583063587178
4,78.20556032816658
5,357.0081548658493
