Y10RR[1,1],Y10RR[2,1],Delta_chisquare
0.3,0.7,158.44231342906312
0.8,0.8,6577.731944269592
