LM22R,LM31L,Delta_chisquare
1.2,0.9,42.324779356675506
1.1,2.3,129.18304496215552
4,8,3597289.4997650827
