y10RR[1,1],Delta_chisquare
0.1,0.02280556434126524
0.2,0.11092936654774022
0.5,1.298734315343772
0.6,2.1099008759032998
