X10LL[2,3],Delta_chisquare
-2.1865749883207326,4.652548239784295
