Y10RR[1,1],Delta_chisquare
0.01,0.03855517198870473
0.02,0.1547260934556931
0.05,0.989238091947918
0.06,1.4413371775867105
0.07,1.9890073285744094
0.08,2.6390500488845348
