Y10RR[1,1],Y10RR[2,1],Delta_chisquare
0.01,0.01,0.04127795065244655
0.02,0.02,0.1657019643871429
0.05,0.05,1.0615956195933443
0.06,0.06,1.5484212340415802
0.1,0.1,4.625412030072443
