X10LL[2,3],Delta_chisquare
3.2104635194757853,290323.4393724351
