LM22R,LM31L,Delta_chisquare
1.2,0.9,42.32477935667539
1.1,2.3,129.1830449621554
4,8,3597289.4997650827
