Y10RR[1,1],Y10RR[2,1],Delta_chisquare
0.01,0.01,0.04127796484334567
0.02,0.02,0.16570197857804203
0.05,0.05,1.0615956337842434
0.06,0.06,1.5484212482324793
0.1,0.1,4.625412044263342
