LM23L,LM33R,Delta_chisquare
0,0.1,0.19130540716086486
0.1,0,0.17503982041699473
0.5,0.2,0.08072681541313997
0.34,0.46,0.24777016339651325
