LM22R,LM31L,Delta_chisquare
0,0.1,0.28393268680175865
0.1,0,0.8348617604033528
0.5,0.2,0.7073183959019893
0.34,0.46,0.26775973391922037
0.002,0.1,0.28395748441506186
