LM13R,LM23R,LM11L,LM12R,Delta_chisquare
0.34,1.2,0.34,1.2,17.40883497755943
1.2,1.1,1.2,1.1,15.841711833467642
0.002,1.5,0.002,1.5,37.38257779021762
1.5,2,1.5,2,120.1124261503061
2,3,2,3,689.1500431487997
3,4,3,4,3073.545870450683
4,5,4,5,11143.213396482428
5,0,5,0,6195.399652280832
