Y10RR[1,1],Y10RR[2,1],Delta_chisquare
0.01,0.01,0.04127797035020464
0.02,0.02,0.165701984084901
0.05,0.05,1.0615956392911023
0.06,0.06,1.5484212537393383
0.1,0.1,4.625412049770201
