X10LL[1,3],Delta_chisquare
0.166,3.852446314169793
0.167,3.9118974978392203
0.168,3.972041320207289
