X10LL[2,2],X10LL[3,2],Delta_chisquare
-1.6309513277496204,-1.753851791696453,128291.23176861122
-0.5748824009567741,0.8821980085405352,2509.97255897816
