X10LL[1,3],Delta_chisquare
-1.9232153745500644,2509.429070843558
-1.2026570164842956,43.283056308557526
