X10LL[2,1],Delta_chisquare
2.9499146799912053,3680.115866465862
-3.0575187019628616,4975.030838519354
