LM13R,LM23R,LM11L,LM12R,Delta_chisquare
0.1,0.5,0.1,0.5,1.8938334200549818
0.5,0.34,0.5,0.34,0.7071317274215403
1.1,0.002,1.1,0.002,1.6854755465887337
