X10LL[1,3],Delta_chisquare
0.169,4.032884752780586
0.170,4.094434839174074
