X10LL[2,3],Delta_chisquare
-1.6254576649794106,0.6834086282913319
