"Y10LL[1,3]","Y10RR[2,3]",Delta chi-square
0.2,0.1,4.873613456879717
0.3,0.2,4.142031663346735
0.4,0.3,3.306047592697702
0.5,1.0,3.82041075820937
