"X10LL[3,3]","X10RR[2,3]",Delta chi-square
0.2,0.1,0.2771879573793541
0.3,0.2,0.2539773489266679
0.4,0.3,0.28095884389750836
0.5,1.0,3.5081144437209844
