LM22R,LM31L,Delta_chisquare
0,0.1,0.28393268680164496
0.1,0,0.8348617604032391
0.5,0.2,0.7073183959018756
0.34,0.46,0.2677597339191067
0.002,0.1,0.28395748441494817
