LM13L,Delta_chisquare
0.1,0.000389757917393041
0.5,0.0166299273345345
0.34,0.005905556787492827
1.2,0.2963187511282577
1.1,0.21577225473712502
0.002,1.513198526481574e-07
1.5,0.6878497466350879
2,2.191339341626467
