LM23R,Delta_chisquare
0.1,4.3749153775252125e-06
0.5,0.0003148673329924634
0.34,9.23820560174704e-05
1.2,0.0076884731632098635
1.1,0.005505265283545668
0.002,1.613027933444755e-09
1.5,0.018281184191753397
2,0.05676163738000639
3,0.2899399699125702
4,0.9717063935073611
5,2.6769659425726218
