Bin , nEvents , Efficiencies
50,7,0.00014
100,11,0.00022
150,5,0.0001
200,5,0.0001
250,5,0.0001
300,0,0
350,0,0
400,0,0
500,1,2e-05
600,0,0
