Bin , nEvents , Efficiencies
150,0,0
200,0,0
250,0,0
300,0,0
350,0,0
400,1,2e-05
450,0,0
500,4,8e-05
600,2,4e-05
700,6,0.00012
800,7,0.00014
900,11,0.00022
1000,19,0.00038
1150,64,0.00128
