Bin , nEvents , Efficiencies
50,8,0.00016
100,5,0.0001
150,6,0.00012
200,1,2e-05
250,9,0.00018
300,5,0.0001
350,5,0.0001
400,7,0.00014
500,7,0.00014
600,56,0.00112
