Bin , nEvents , Efficiencies
50,1,4e-05
70,1,4e-05
80,1,4e-05
90,0,0
100,1,4e-05
120,3,0.00012
140,1,4e-05
160,5,0.0002
180,2,8e-05
200,0,0
220,3,0.00012
240,1,4e-05
260,0,0
280,0,0
300,2,8e-05
320,1,4e-05
340,1,4e-05
360,2,8e-05
400,7,0.00028
500,4,0.00016
600,2,8e-05
700,2,8e-05
800,31,0.00124
