Bin , nEvents , Efficiencies
150,0,0
200,1,2e-05
250,0,0
300,1,2e-05
350,1,2e-05
400,3,6e-05
450,3,6e-05
500,9,0.00018
600,7,0.00014
700,11,0.00022
800,12,0.00024
900,12,0.00024
1000,26,0.00052
1150,74,0.00148
