Bin , nEvents , Efficiencies
150,0,0
200,0,0
250,0,0
300,1,2e-05
350,1,2e-05
400,3,6e-05
450,1,2e-05
500,8,0.00016
600,13,0.00026
700,15,0.0003
800,16,0.00032
900,13,0.00026
1000,37,0.00074
1150,77,0.00154
