Bin , nEvents , Efficiencies
50,6,0.00012
100,5,0.0001
150,4,8e-05
200,8,0.00016
250,3,6e-05
300,2,4e-05
350,2,4e-05
400,6,0.00012
500,6,0.00012
600,45,0.0009
