Bin , nEvents , Efficiencies
50,17,0.00034
70,4,8e-05
80,7,0.00014
90,4,8e-05
100,10,0.0002
120,7,0.00014
140,5,0.0001
160,9,0.00018
180,7,0.00014
200,6,0.00012
220,8,0.00016
240,8,0.00016
260,6,0.00012
280,5,0.0001
300,8,0.00016
320,7,0.00014
340,8,0.00016
360,16,0.00032
400,29,0.00058
500,37,0.00074
600,29,0.00058
700,20,0.0004
800,118,0.00236
