Bin , nEvents , Efficiencies
50,7,0.00014
70,4,8e-05
80,3,6e-05
90,5,0.0001
100,11,0.00022
120,10,0.0002
140,10,0.0002
160,9,0.00018
180,3,6e-05
200,8,0.00016
220,4,8e-05
240,2,4e-05
260,8,0.00016
280,6,0.00012
300,2,4e-05
320,4,8e-05
340,4,8e-05
360,14,0.00028
400,32,0.00064
500,27,0.00054
600,29,0.00058
700,23,0.00046
800,145,0.0029
