Bin , nEvents , Efficiencies
150,57,0.00114
200,167,0.00334
250,192,0.00384
300,144,0.00288
350,118,0.00236
400,102,0.00204
450,92,0.00184
500,140,0.0028
600,83,0.00166
700,65,0.0013
800,31,0.00062
900,26,0.00052
1000,27,0.00054
1150,28,0.00056
