Bin , nEvents , Efficiencies
50,6,0.00012
100,17,0.00034
150,10,0.0002
200,12,0.00024
250,10,0.0002
300,9,0.00018
350,9,0.00018
400,8,0.00016
500,4,8e-05
600,21,0.00042
