Bin , nEvents , Efficiencies
150,1,4e-05
200,4,0.00016
250,5,0.0002
300,7,0.00028
350,6,0.00024
400,6,0.00024
450,4,0.00016
500,4,0.00016
550,7,0.00028
650,41,0.00164
