Bin , nEvents , Efficiencies
150,42,0.00084
200,125,0.0025
250,137,0.00274
300,142,0.00284
350,142,0.00284
400,122,0.00244
450,131,0.00262
500,205,0.0041
600,178,0.00356
700,154,0.00308
800,127,0.00254
900,112,0.00224
1000,117,0.00234
1150,179,0.00358
