Bin , nEvents , Efficiencies
50,3,0.00012
70,3,0.00012
80,3,0.00012
90,8,0.00032
100,13,0.00052
120,17,0.00068
140,19,0.00076
160,20,0.0008
180,19,0.00076
200,10,0.0004
220,23,0.00092
240,13,0.00052
260,18,0.00072
280,24,0.00096
300,28,0.00112
320,15,0.0006
340,17,0.00068
360,23,0.00092
400,82,0.00328
500,58,0.00232
600,42,0.00168
700,49,0.00196
800,136,0.00544
