Bin , nEvents , Efficiencies
150,0,0
200,6,0.00012
250,4,8e-05
300,1,2e-05
350,2,4e-05
400,3,6e-05
450,6,0.00012
500,4,8e-05
550,8,0.00016
650,20,0.0004
