Bin , nEvents , Efficiencies
150,1,2e-05
200,6,0.00012
250,9,0.00018
300,5,0.0001
350,15,0.0003
400,10,0.0002
450,8,0.00016
500,6,0.00012
550,13,0.00026
650,73,0.00146
