Bin , nEvents , Efficiencies
150,0,0
200,3,6e-05
250,5,0.0001
300,1,2e-05
350,3,6e-05
400,1,2e-05
450,3,6e-05
500,6,0.00012
550,4,8e-05
650,22,0.00044
