Bin , nEvents , Efficiencies
150,42,0.00084
200,122,0.00244
250,130,0.0026
300,143,0.00286
350,152,0.00304
400,146,0.00292
450,125,0.0025
500,205,0.0041
600,174,0.00348
700,154,0.00308
800,107,0.00214
900,105,0.0021
1000,92,0.00184
1150,138,0.00276
