Bin , nEvents , Efficiencies
150,44,0.00088
200,138,0.00276
250,155,0.0031
300,168,0.00336
350,164,0.00328
400,130,0.0026
450,127,0.00254
500,238,0.00476
600,219,0.00438
700,162,0.00324
800,126,0.00252
900,89,0.00178
1000,85,0.0017
1150,125,0.0025
