Bin , nEvents , Efficiencies
50,0,0
100,11,0.00022
150,6,0.00012
200,4,8e-05
250,2,4e-05
300,1,2e-05
350,6,0.00012
400,6,0.00012
500,10,0.0002
600,22,0.00044
