Bin , nEvents , Efficiencies
50,1,2e-05
70,10,0.0002
80,9,0.00018
90,12,0.00024
100,33,0.00066
120,34,0.00068
140,34,0.00068
160,45,0.0009
180,41,0.00082
200,29,0.00058
220,33,0.00066
240,36,0.00072
260,26,0.00052
280,48,0.00096
300,42,0.00084
320,40,0.0008
340,34,0.00068
360,71,0.00142
400,150,0.003
500,103,0.00206
600,91,0.00182
700,66,0.00132
800,198,0.00396
