Bin , nEvents , Efficiencies
150,61,0.00122
200,175,0.0035
250,155,0.0031
300,131,0.00262
350,118,0.00236
400,108,0.00216
450,80,0.0016
500,150,0.003
600,103,0.00206
700,80,0.0016
800,57,0.00114
900,34,0.00068
1000,48,0.00096
1150,53,0.00106
