Bin , nEvents , Efficiencies
50,2,4e-05
100,13,0.00026
150,7,0.00014
200,7,0.00014
250,10,0.0002
300,4,8e-05
350,3,6e-05
400,12,0.00024
500,1,2e-05
600,9,0.00018
