Bin , nEvents , Efficiencies
50,13,0.00026
70,16,0.00032
80,16,0.00032
90,35,0.0007
100,62,0.00124
120,58,0.00116
140,44,0.00088
160,62,0.00124
180,50,0.001
200,49,0.00098
220,43,0.00086
240,43,0.00086
260,30,0.0006
280,31,0.00062
300,30,0.0006
320,28,0.00056
340,29,0.00058
360,49,0.00098
400,110,0.0022
500,65,0.0013
600,50,0.001
700,33,0.00066
800,89,0.00178
