Bin , nEvents , Efficiencies
50,6,0.00012
70,20,0.0004
80,25,0.0005
90,31,0.00062
100,69,0.00138
120,74,0.00148
140,51,0.00102
160,47,0.00094
180,54,0.00108
200,54,0.00108
220,50,0.001
240,39,0.00078
260,49,0.00098
280,42,0.00084
300,35,0.0007
320,27,0.00054
340,26,0.00052
360,44,0.00088
400,82,0.00164
500,59,0.00118
600,33,0.00066
700,23,0.00046
800,45,0.0009
