Bin , nEvents , Efficiencies
150,2,8e-05
200,3,0.00012
250,2,8e-05
300,6,0.00024
350,4,0.00016
400,3,0.00012
450,4,0.00016
500,3,0.00012
550,7,0.00028
650,40,0.0016
