Bin , nEvents , Efficiencies
150,31,0.00124
200,59,0.00236
250,75,0.003
300,68,0.00272
350,65,0.0026
400,69,0.00276
450,72,0.00288
500,130,0.0052
600,108,0.00432
700,71,0.00284
800,68,0.00272
900,61,0.00244
1000,76,0.00304
1150,85,0.0034
