Bin , nEvents , Efficiencies
50,0,0
100,3,0.00012
150,1,4e-05
200,3,0.00012
250,4,0.00016
300,2,8e-05
350,3,0.00012
400,2,8e-05
500,3,0.00012
600,11,0.00044
