Bin , nEvents , Efficiencies
50,1,4e-05
70,2,8e-05
80,2,8e-05
90,6,0.00024
100,10,0.0004
120,18,0.00072
140,18,0.00072
160,20,0.0008
180,21,0.00084
200,14,0.00056
220,19,0.00076
240,14,0.00056
260,21,0.00084
280,16,0.00064
300,21,0.00084
320,9,0.00036
340,14,0.00056
360,32,0.00128
400,75,0.003
500,79,0.00316
600,53,0.00212
700,33,0.00132
800,123,0.00492
