Bin , nEvents , Efficiencies
150,0,0
200,0,0
250,0,0
300,0,0
350,1,2e-05
400,2,4e-05
450,3,6e-05
500,0,0
550,7,0.00014
650,67,0.00134
