Bin , nEvents , Efficiencies
150,0,0
200,0,0
250,0,0
300,0,0
350,3,6e-05
400,3,6e-05
450,4,8e-05
500,22,0.00044
600,22,0.00044
700,26,0.00052
800,22,0.00044
900,36,0.00072
1000,51,0.00102
1150,104,0.00208
