Bin , nEvents , Efficiencies
50,12,0.00024
100,12,0.00024
150,4,8e-05
200,12,0.00024
250,11,0.00022
300,7,0.00014
350,5,0.0001
400,17,0.00034
500,11,0.00022
600,72,0.00144
