Bin , nEvents , Efficiencies
150,0,0
200,0,0
250,0,0
300,2,4e-05
350,1,2e-05
400,3,6e-05
450,7,0.00014
500,6,0.00012
550,8,0.00016
650,99,0.00198
