Bin , nEvents , Efficiencies
150,0,0
200,1,2e-05
250,4,8e-05
300,7,0.00014
350,9,0.00018
400,12,0.00024
450,18,0.00036
500,18,0.00036
600,45,0.0009
700,46,0.00092
800,45,0.0009
900,44,0.00088
1000,62,0.00124
1150,95,0.0019
