Bin , nEvents , Efficiencies
50,25,0.0005
100,36,0.00072
150,24,0.00048
200,23,0.00046
250,20,0.0004
300,12,0.00024
350,15,0.0003
400,37,0.00074
500,30,0.0006
600,140,0.0028
