Bin , nEvents , Efficiencies
150,0,0
200,0,0
250,0,0
300,0,0
350,0,0
400,0,0
450,0,0
500,2,8e-05
600,1,4e-05
700,1,4e-05
800,5,0.0002
900,3,0.00012
1000,10,0.0004
1150,26,0.00104
