Bin , nEvents , Efficiencies
150,0,0
200,0,0
250,0,0
300,0,0
350,0,0
400,0,0
450,0,0
500,2,4e-05
600,3,6e-05
700,3,6e-05
800,2,4e-05
900,7,0.00014
1000,11,0.00022
1150,40,0.0008
