Bin , nEvents , Efficiencies
50,3,0.00012
100,3,0.00012
150,3,0.00012
200,3,0.00012
250,1,4e-05
300,2,8e-05
350,0,0
400,3,0.00012
500,0,0
600,21,0.00084
