Bin , nEvents , Efficiencies
50,7,0.00014
70,5,0.0001
80,3,6e-05
90,2,4e-05
100,7,0.00014
120,6,0.00012
140,3,6e-05
160,6,0.00012
180,4,8e-05
200,5,0.0001
220,2,4e-05
240,4,8e-05
260,5,0.0001
280,1,2e-05
300,2,4e-05
320,2,4e-05
340,3,6e-05
360,5,0.0001
400,13,0.00026
500,19,0.00038
600,12,0.00024
700,19,0.00038
800,77,0.00154
