Bin , nEvents , Efficiencies
150,0,0
200,0,0
250,0,0
300,0,0
350,0,0
400,0,0
450,2,8e-05
500,3,0.00012
600,1,4e-05
700,5,0.0002
800,3,0.00012
900,8,0.00032
1000,14,0.00056
1150,23,0.00092
