Bin , nEvents , Efficiencies
150,0,0
200,0,0
250,0,0
300,0,0
350,0,0
400,0,0
450,0,0
500,0,0
600,0,0
700,3,6e-05
800,9,0.00018
900,9,0.00018
1000,12,0.00024
1150,43,0.00086
