Bin , nEvents , Efficiencies
50,1,4e-05
100,3,0.00012
150,0,0
200,2,8e-05
250,0,0
300,2,8e-05
350,0,0
400,0,0
500,2,8e-05
600,14,0.00056
