Bin , nEvents , Efficiencies
50,6,0.00012
70,4,8e-05
80,2,4e-05
90,3,6e-05
100,5,0.0001
120,5,0.0001
140,4,8e-05
160,2,4e-05
180,2,4e-05
200,4,8e-05
220,4,8e-05
240,2,4e-05
260,3,6e-05
280,2,4e-05
300,0,0
320,4,8e-05
340,2,4e-05
360,5,0.0001
400,14,0.00028
500,11,0.00022
600,11,0.00022
700,16,0.00032
800,75,0.0015