Bin , nEvents , Efficiencies
50,2,8e-05
70,2,8e-05
80,1,4e-05
90,3,0.00012
100,3,0.00012
120,3,0.00012
140,3,0.00012
160,3,0.00012
180,2,8e-05
200,3,0.00012
220,2,8e-05
240,1,4e-05
260,0,0
280,1,4e-05
300,2,8e-05
320,1,4e-05
340,1,4e-05
360,2,8e-05
400,4,0.00016
500,6,0.00024
600,3,0.00012
700,6,0.00024
800,31,0.00124
