Bin , nEvents , Efficiencies
50,1,4e-05
100,0,0
150,1,4e-05
200,0,0
250,1,4e-05
300,0,0
350,4,0.00016
400,4,0.00016
500,5,0.0002
600,6,0.00024
