Bin , nEvents , Efficiencies
50,18,0.00036
70,1,2e-05
80,6,0.00012
90,3,6e-05
100,7,0.00014
120,16,0.00032
140,9,0.00018
160,9,0.00018
180,5,0.0001
200,8,0.00016
220,6,0.00012
240,11,0.00022
260,7,0.00014
280,7,0.00014
300,4,8e-05
320,4,8e-05
340,7,0.00014
360,10,0.0002
400,27,0.00054
500,15,0.0003
600,34,0.00068
700,20,0.0004
800,148,0.00296
