Bin , nEvents , Efficiencies
150,5,0.0001
200,11,0.00022
250,12,0.00024
300,9,0.00018
350,5,0.0001
400,3,6e-05
450,2,4e-05
500,0,0
550,3,6e-05
650,2,4e-05
