Bin , nEvents , Efficiencies
150,83,0.00166
200,119,0.00238
250,64,0.00128
300,49,0.00098
350,25,0.0005
400,21,0.00042
450,14,0.00028
500,12,0.00024
600,13,0.00026
700,10,0.0002
800,5,0.0001
900,4,8e-05
1000,1,2e-05
1150,1,2e-05
