Bin , nEvents , Efficiencies
50,12,0.00024
100,30,0.0006
150,14,0.00028
200,6,0.00012
250,5,0.0001
300,2,4e-05
350,0,0
400,0,0
500,1,2e-05
600,0,0
