Bin , nEvents , Efficiencies
50,12,0.00024
70,44,0.00088
80,49,0.00098
90,87,0.00174
100,136,0.00272
120,118,0.00236
140,75,0.0015
160,63,0.00126
180,30,0.0006
200,33,0.00066
220,32,0.00064
240,14,0.00028
260,21,0.00042
280,20,0.0004
300,8,0.00016
320,9,0.00018
340,11,0.00022
360,12,0.00024
400,22,0.00044
500,5,0.0001
600,4,8e-05
700,3,6e-05
800,2,4e-05
