Bin , nEvents , Efficiencies
50,17,0.00034
100,29,0.00058
150,15,0.0003
200,7,0.00014
250,3,6e-05
300,2,4e-05
350,2,4e-05
400,3,6e-05
500,0,0
600,2,4e-05
