Bin , nEvents , Efficiencies
50,12,0.00024
70,30,0.0006
80,56,0.00112
90,65,0.0013
100,127,0.00254
120,100,0.002
140,61,0.00122
160,63,0.00126
180,40,0.0008
200,33,0.00066
220,29,0.00058
240,21,0.00042
260,13,0.00026
280,13,0.00026
300,7,0.00014
320,10,0.0002
340,9,0.00018
360,13,0.00026
400,16,0.00032
500,10,0.0002
600,5,0.0001
700,3,6e-05
800,4,8e-05
