Bin , nEvents , Efficiencies
150,1,2e-05
200,16,0.00032
250,7,0.00014
300,14,0.00028
350,11,0.00022
400,8,0.00016
450,10,0.0002
500,7,0.00014
550,12,0.00024
650,38,0.00076
