Bin , nEvents , Efficiencies
150,57,0.00114
200,123,0.00246
250,167,0.00334
300,163,0.00326
350,157,0.00314
400,152,0.00304
450,122,0.00244
500,215,0.0043
600,164,0.00328
700,115,0.0023
800,60,0.0012
900,48,0.00096
1000,48,0.00096
1150,74,0.00148
