Bin , nEvents , Efficiencies
50,1,2e-05
100,5,0.0001
150,4,8e-05
200,4,8e-05
250,3,6e-05
300,3,6e-05
350,3,6e-05
400,8,0.00016
500,3,6e-05
600,18,0.00036
