Bin , nEvents , Efficiencies
50,1,2e-05
70,11,0.00022
80,14,0.00028
90,19,0.00038
100,46,0.00092
120,46,0.00092
140,51,0.00102
160,38,0.00076
180,55,0.0011
200,54,0.00108
220,56,0.00112
240,43,0.00086
260,39,0.00078
280,44,0.00088
300,29,0.00058
320,26,0.00052
340,32,0.00064
360,73,0.00146
400,133,0.00266
500,95,0.0019
600,91,0.00182
700,41,0.00082
800,107,0.00214
