Bin , nEvents , Efficiencies
150,2,4e-05
200,7,0.00014
250,6,0.00012
300,10,0.0002
350,10,0.0002
400,10,0.0002
450,10,0.0002
500,9,0.00018
550,21,0.00042
650,71,0.00142
