Bin , nEvents , Efficiencies
150,51,0.00102
200,110,0.0022
250,134,0.00268
300,140,0.0028
350,131,0.00262
400,121,0.00242
450,137,0.00274
500,226,0.00452
600,187,0.00374
700,152,0.00304
800,123,0.00246
900,96,0.00192
1000,100,0.002
1150,159,0.00318
