Bin , nEvents , Efficiencies
50,2,4e-05
100,1,2e-05
150,5,0.0001
200,3,6e-05
250,4,8e-05
300,0,0
350,8,0.00016
400,10,0.0002
500,4,8e-05
600,39,0.00078
