Bin , nEvents , Efficiencies
50,5,0.0001
70,7,0.00014
80,6,0.00012
90,9,0.00018
100,23,0.00046
120,30,0.0006
140,30,0.0006
160,27,0.00054
180,36,0.00072
200,18,0.00036
220,32,0.00064
240,25,0.0005
260,26,0.00052
280,49,0.00098
300,27,0.00054
320,33,0.00066
340,33,0.00066
360,65,0.0013
400,137,0.00274
500,114,0.00228
600,115,0.0023
700,86,0.00172
800,225,0.0045
