Bin , nEvents , Efficiencies
150,2,4e-05
200,9,0.00018
250,12,0.00024
300,5,0.0001
350,2,4e-05
400,1,2e-05
450,3,6e-05
500,2,4e-05
550,5,0.0001
650,6,0.00012
