Bin , nEvents , Efficiencies
150,2,8e-05
200,4,0.00016
250,2,8e-05
300,2,8e-05
350,0,0
400,3,0.00012
450,0,0
500,1,4e-05
550,1,4e-05
650,3,0.00012
