Bin , nEvents , Efficiencies
150,4,8e-05
200,3,6e-05
250,5,0.0001
300,4,8e-05
350,1,2e-05
400,8,0.00016
450,3,6e-05
500,1,2e-05
550,2,4e-05
650,8,0.00016
