Bin , nEvents , Efficiencies
150,51,0.00204
200,63,0.00252
250,58,0.00232
300,41,0.00164
350,32,0.00128
400,25,0.001
450,13,0.00052
500,29,0.00116
600,15,0.0006
700,18,0.00072
800,8,0.00032
900,9,0.00036
1000,5,0.0002
1150,3,0.00012
