Bin , nEvents , Efficiencies
150,82,0.00164
200,146,0.00292
250,94,0.00188
300,87,0.00174
350,63,0.00126
400,49,0.00098
450,42,0.00084
500,38,0.00076
600,39,0.00078
700,22,0.00044
800,6,0.00012
900,12,0.00024
1000,5,0.0001
1150,7,0.00014
