Bin , nEvents , Efficiencies
150,65,0.0013
200,138,0.00276
250,116,0.00232
300,84,0.00168
350,64,0.00128
400,63,0.00126
450,33,0.00066
500,48,0.00096
600,24,0.00048
700,20,0.0004
800,15,0.0003
900,10,0.0002
1000,4,8e-05
1150,4,8e-05
