Bin , nEvents , Efficiencies
150,86,0.00172
200,142,0.00284
250,122,0.00244
300,81,0.00162
350,59,0.00118
400,49,0.00098
450,42,0.00084
500,39,0.00078
600,36,0.00072
700,19,0.00038
800,20,0.0004
900,7,0.00014
1000,9,0.00018
1150,9,0.00018
