Bin , nEvents , Efficiencies
50,2,8e-05
100,4,0.00016
150,3,0.00012
200,2,8e-05
250,1,4e-05
300,1,4e-05
350,3,0.00012
400,0,0
500,1,4e-05
600,0,0
