Bin , nEvents , Efficiencies
50,17,0.00034
70,42,0.00084
80,51,0.00102
90,79,0.00158
100,143,0.00286
120,105,0.0021
140,76,0.00152
160,72,0.00144
180,56,0.00112
200,35,0.0007
220,43,0.00086
240,23,0.00046
260,28,0.00056
280,23,0.00046
300,26,0.00052
320,16,0.00032
340,18,0.00036
360,27,0.00054
400,43,0.00086
500,23,0.00046
600,16,0.00032
700,8,0.00016
800,12,0.00024
