Bin , nEvents , Efficiencies
50,7,0.00014
70,32,0.00064
80,68,0.00136
90,56,0.00112
100,153,0.00306
120,119,0.00238
140,100,0.002
160,53,0.00106
180,42,0.00084
200,42,0.00084
220,32,0.00064
240,32,0.00064
260,20,0.0004
280,23,0.00046
300,24,0.00048
320,13,0.00026
340,11,0.00022
360,16,0.00032
400,42,0.00084
500,22,0.00044
600,18,0.00036
700,8,0.00016
800,11,0.00022
