Bin , nEvents , Efficiencies
50,7,0.00028
70,23,0.00092
80,36,0.00144
90,31,0.00124
100,63,0.00252
120,51,0.00204
140,44,0.00176
160,24,0.00096
180,22,0.00088
200,15,0.0006
220,15,0.0006
240,9,0.00036
260,8,0.00032
280,11,0.00044
300,11,0.00044
320,6,0.00024
340,4,0.00016
360,8,0.00032
400,21,0.00084
500,7,0.00028
600,5,0.0002
700,6,0.00024
800,10,0.0004
