Bin , nEvents , Efficiencies
50,14,0.00028
70,50,0.001
80,58,0.00116
90,60,0.0012
100,137,0.00274
120,119,0.00238
140,78,0.00156
160,61,0.00122
180,44,0.00088
200,50,0.001
220,41,0.00082
240,26,0.00052
260,20,0.0004
280,31,0.00062
300,21,0.00042
320,18,0.00036
340,16,0.00032
360,18,0.00036
400,45,0.0009
500,23,0.00046
600,18,0.00036
700,16,0.00032
800,12,0.00024
