Bin , nEvents , Efficiencies
150,4,8e-05
200,8,0.00016
250,10,0.0002
300,1,2e-05
350,5,0.0001
400,3,6e-05
450,3,6e-05
500,2,4e-05
550,6,0.00012
650,3,6e-05
