Bin , nEvents , Efficiencies
150,97,0.00194
200,168,0.00336
250,130,0.0026
300,103,0.00206
350,73,0.00146
400,53,0.00106
450,42,0.00084
500,48,0.00096
600,48,0.00096
700,24,0.00048
800,6,0.00012
900,7,0.00014
1000,7,0.00014
1150,7,0.00014
