Bin , nEvents , Efficiencies
150,0,0
200,0,0
250,0,0
300,0,0
350,1,4e-05
400,0,0
450,2,8e-05
500,4,0.00016
600,6,0.00024
700,16,0.00064
800,9,0.00036
900,5,0.0002
1000,7,0.00028
1150,25,0.001
