Bin , nEvents , Efficiencies
50,7,0.00028
100,6,0.00024
150,4,0.00016
200,3,0.00012
250,6,0.00024
300,3,0.00012
350,3,0.00012
400,3,0.00012
500,9,0.00036
600,30,0.0012
