Bin , nEvents , Efficiencies
50,24,0.00096
70,8,0.00032
80,7,0.00028
90,5,0.0002
100,12,0.00048
120,13,0.00052
140,4,0.00016
160,13,0.00052
180,5,0.0002
200,8,0.00032
220,7,0.00028
240,8,0.00032
260,8,0.00032
280,4,0.00016
300,3,0.00012
320,6,0.00024
340,6,0.00024
360,17,0.00068
400,26,0.00104
500,25,0.001
600,28,0.00112
700,12,0.00048
800,81,0.00324
