Bin , nEvents , Efficiencies
50,6,0.00024
100,1,4e-05
150,1,4e-05
200,2,8e-05
250,1,4e-05
300,0,0
350,1,4e-05
400,0,0
500,3,0.00012
600,16,0.00064
