Bin , nEvents , Efficiencies
50,5,0.0002
70,2,8e-05
80,1,4e-05
90,5,0.0002
100,4,0.00016
120,1,4e-05
140,1,4e-05
160,1,4e-05
180,2,8e-05
200,3,0.00012
220,2,8e-05
240,0,0
260,1,4e-05
280,2,8e-05
300,0,0
320,1,4e-05
340,0,0
360,2,8e-05
400,5,0.0002
500,7,0.00028
600,5,0.0002
700,6,0.00024
800,25,0.001
