Bin , nEvents , Efficiencies
150,0,0
200,1,2e-05
250,0,0
300,1,2e-05
350,3,6e-05
400,2,4e-05
450,4,8e-05
500,2,4e-05
550,9,0.00018
650,81,0.00162
