Bin , nEvents , Efficiencies
150,75,0.0015
200,150,0.003
250,112,0.00224
300,87,0.00174
350,62,0.00124
400,50,0.001
450,39,0.00078
500,47,0.00094
600,39,0.00078
700,19,0.00038
800,7,0.00014
900,12,0.00024
1000,7,0.00014
1150,9,0.00018
