Bin , nEvents , Efficiencies
150,85,0.0017
200,149,0.00298
250,119,0.00238
300,97,0.00194
350,81,0.00162
400,41,0.00082
450,40,0.0008
500,57,0.00114
600,31,0.00062
700,28,0.00056
800,23,0.00046
900,9,0.00018
1000,9,0.00018
1150,11,0.00022
