Bin , nEvents , Efficiencies
50,9,0.00018
70,30,0.0006
80,45,0.0009
90,59,0.00118
100,120,0.0024
120,87,0.00174
140,67,0.00134
160,62,0.00124
180,47,0.00094
200,40,0.0008
220,31,0.00062
240,30,0.0006
260,25,0.0005
280,23,0.00046
300,19,0.00038
320,15,0.0003
340,16,0.00032
360,28,0.00056
400,38,0.00076
500,17,0.00034
600,22,0.00044
700,16,0.00032
800,21,0.00042
