Bin , nEvents , Efficiencies
150,0,0
200,5,0.0002
250,4,0.00016
300,4,0.00016
350,1,4e-05
400,2,8e-05
450,3,0.00012
500,0,0
550,1,4e-05
650,2,8e-05
