Bin , nEvents , Efficiencies
150,42,0.00168
200,66,0.00264
250,60,0.0024
300,42,0.00168
350,35,0.0014
400,20,0.0008
450,16,0.00064
500,27,0.00108
600,17,0.00068
700,6,0.00024
800,9,0.00036
900,3,0.00012
1000,7,0.00028
1150,5,0.0002
