Bin , nEvents , Efficiencies
50,4,0.00016
70,17,0.00068
80,35,0.0014
90,29,0.00116
100,62,0.00248
120,56,0.00224
140,45,0.0018
160,33,0.00132
180,22,0.00088
200,25,0.001
220,18,0.00072
240,15,0.0006
260,11,0.00044
280,10,0.0004
300,9,0.00036
320,8,0.00032
340,12,0.00048
360,16,0.00064
400,24,0.00096
500,15,0.0006
600,7,0.00028
700,5,0.0002
800,6,0.00024
