Bin , nEvents , Efficiencies
50,3,6e-05
100,5,0.0001
150,5,0.0001
200,4,8e-05
250,2,4e-05
300,6,0.00012
350,1,2e-05
400,14,0.00028
500,8,0.00016
600,52,0.00104
