Bin , nEvents , Efficiencies
50,11,0.00022
70,4,8e-05
80,6,0.00012
90,8,0.00016
100,12,0.00024
120,9,0.00018
140,8,0.00016
160,6,0.00012
180,7,0.00014
200,12,0.00024
220,8,0.00016
240,5,0.0001
260,12,0.00024
280,4,8e-05
300,8,0.00016
320,9,0.00018
340,9,0.00018
360,14,0.00028
400,39,0.00078
500,44,0.00088
600,35,0.0007
700,30,0.0006
800,159,0.00318
