Bin , nEvents , Efficiencies
150,67,0.00134
200,160,0.0032
250,166,0.00332
300,135,0.0027
350,132,0.00264
400,120,0.0024
450,88,0.00176
500,124,0.00248
600,103,0.00206
700,75,0.0015
800,44,0.00088
900,33,0.00066
1000,38,0.00076
1150,43,0.00086
