Bin , nEvents , Efficiencies
150,1,4e-05
200,3,0.00012
250,3,0.00012
300,4,0.00016
350,6,0.00024
400,3,0.00012
450,5,0.0002
500,5,0.0002
550,7,0.00028
650,41,0.00164
