Bin , nEvents , Efficiencies
150,23,0.00092
200,61,0.00244
250,81,0.00324
300,77,0.00308
350,68,0.00272
400,82,0.00328
450,68,0.00272
500,104,0.00416
600,103,0.00412
700,76,0.00304
800,67,0.00268
900,53,0.00212
1000,65,0.0026
1150,98,0.00392
