Bin , nEvents , Efficiencies
50,0,0
100,3,0.00012
150,1,4e-05
200,1,4e-05
250,2,8e-05
300,4,0.00016
350,2,8e-05
400,0,0
500,4,0.00016
600,18,0.00072
