Bin , nEvents , Efficiencies
50,2,8e-05
70,3,0.00012
80,4,0.00016
90,7,0.00028
100,9,0.00036
120,17,0.00068
140,15,0.0006
160,9,0.00036
180,21,0.00084
200,14,0.00056
220,18,0.00072
240,26,0.00104
260,14,0.00056
280,12,0.00048
300,21,0.00084
320,16,0.00064
340,17,0.00068
360,28,0.00112
400,76,0.00304
500,72,0.00288
600,52,0.00208
700,49,0.00196
800,135,0.0054
