Bin , nEvents , Efficiencies
150,0,0
200,0,0
250,0,0
300,0,0
350,2,4e-05
400,3,6e-05
450,2,4e-05
500,4,8e-05
600,7,0.00014
700,11,0.00022
800,11,0.00022
900,8,0.00016
1000,32,0.00064
1150,71,0.00142
