Bin , nEvents , Efficiencies
50,10,0.0002
100,7,0.00014
150,13,0.00026
200,10,0.0002
250,9,0.00018
300,4,8e-05
350,8,0.00016
400,11,0.00022
500,12,0.00024
600,71,0.00142
