Bin , nEvents , Efficiencies
50,6,0.00012
70,9,0.00018
80,2,4e-05
90,5,0.0001
100,7,0.00014
120,15,0.0003
140,7,0.00014
160,4,8e-05
180,5,0.0001
200,5,0.0001
220,6,0.00012
240,7,0.00014
260,5,0.0001
280,7,0.00014
300,4,8e-05
320,2,4e-05
340,4,8e-05
360,7,0.00014
400,20,0.0004
500,23,0.00046
600,23,0.00046
700,28,0.00056
800,124,0.00248
