Bin , nEvents , Efficiencies
150,1,4e-05
200,3,0.00012
250,2,8e-05
300,6,0.00024
350,5,0.0002
400,6,0.00024
450,6,0.00024
500,1,4e-05
550,9,0.00036
650,48,0.00192
