Bin , nEvents , Efficiencies
150,13,0.00052
200,66,0.00264
250,72,0.00288
300,68,0.00272
350,69,0.00276
400,56,0.00224
450,67,0.00268
500,105,0.0042
600,114,0.00456
700,101,0.00404
800,76,0.00304
900,57,0.00228
1000,53,0.00212
1150,104,0.00416
