Bin , nEvents , Efficiencies
50,1,1.13228e-05
100,5,5.66142e-05
150,5,5.66142e-05
200,3,3.39685e-05
250,6,6.79371e-05
300,7,7.92599e-05
350,10,0.000113228
400,12,0.000135874
500,14,0.00015852
600,48,0.000543497
