Bin , nEvents , Efficiencies
50,4,4.52914e-05
70,11,0.000124551
80,21,0.00023778
90,31,0.000351008
100,75,0.000849214
120,57,0.000645402
140,56,0.00063408
160,50,0.000566142
180,60,0.000679371
200,77,0.000871859
220,78,0.000883182
240,67,0.000758631
260,69,0.000781277
280,60,0.000679371
300,65,0.000735985
320,62,0.000702017
340,72,0.000815245
360,120,0.00135874
400,289,0.0032723
500,241,0.00272881
600,200,0.00226457
700,145,0.00164181
800,502,0.00568407
