Bin , nEvents , Efficiencies
50,3,0.00012
100,1,4e-05
150,5,0.0002
200,1,4e-05
250,1,4e-05
300,0,0
350,0,0
400,3,0.00012
500,0,0
600,18,0.00072
