Bin , nEvents , Efficiencies
50,0,0
100,0,0
150,0,0
200,1,0.00118064
250,0,0
300,0,0
350,0,0
400,1,0.00118064
500,0,0
600,1,0.00118064
