Bin , nEvents , Efficiencies
150,5,0.0001
200,9,0.00018
250,10,0.0002
300,3,6e-05
350,4,8e-05
400,4,8e-05
450,3,6e-05
500,1,2e-05
550,2,4e-05
650,6,0.00012
