Bin , nEvents , Efficiencies
150,85,0.0017
200,147,0.00294
250,111,0.00222
300,97,0.00194
350,72,0.00144
400,67,0.00134
450,46,0.00092
500,67,0.00134
600,24,0.00048
700,26,0.00052
800,12,0.00024
900,9,0.00018
1000,8,0.00016
1150,9,0.00018
