Bin , nEvents , Efficiencies
150,85,0.0017
200,143,0.00286
250,109,0.00218
300,87,0.00174
350,61,0.00122
400,51,0.00102
450,40,0.0008
500,55,0.0011
600,32,0.00064
700,14,0.00028
800,13,0.00026
900,10,0.0002
1000,11,0.00022
1150,6,0.00012
