Bin , nEvents , Efficiencies
50,9,0.00018
70,25,0.0005
80,45,0.0009
90,67,0.00134
100,129,0.00258
120,97,0.00194
140,80,0.0016
160,68,0.00136
180,49,0.00098
200,40,0.0008
220,41,0.00082
240,35,0.0007
260,25,0.0005
280,31,0.00062
300,19,0.00038
320,11,0.00022
340,16,0.00032
360,34,0.00068
400,43,0.00086
500,21,0.00042
600,9,0.00018
700,14,0.00028
800,25,0.0005
