Bin , nEvents , Efficiencies
50,14,0.00028
70,23,0.00046
80,36,0.00072
90,57,0.00114
100,123,0.00246
120,104,0.00208
140,68,0.00136
160,65,0.0013
180,43,0.00086
200,45,0.0009
220,30,0.0006
240,28,0.00056
260,22,0.00044
280,29,0.00058
300,23,0.00046
320,17,0.00034
340,15,0.0003
360,16,0.00032
400,51,0.00102
500,22,0.00044
600,12,0.00024
700,8,0.00016
800,18,0.00036
